Copyright 1986-2022 Xilinx, Inc. All Rights Reserved. Copyright 2022-2025 Advanced Micro Devices, Inc. All Rights Reserved.
------------------------------------------------------------------------------------------------------------------------------------------------------------------------------------------------------------------------------------------------------
| Tool Version : Vivado v.2025.2 (lin64) Build 6299465 Fri Nov 14 12:34:56 MST 2025
| Date         : Mon Apr 13 05:39:20 2026
| Host         : aaarthuus running 64-bit Ubuntu 24.04.4 LTS
| Command      : report_timing_summary -max_paths 10 -routable_nets -report_unconstrained -file system_wrapper_timing_summary_routed.rpt -pb system_wrapper_timing_summary_routed.pb -rpx system_wrapper_timing_summary_routed.rpx -warn_on_violation
| Design       : system_wrapper
| Device       : 7z020-clg400
| Speed File   : -1  PRODUCTION 1.12 2019-11-22
| Design State : Routed
------------------------------------------------------------------------------------------------------------------------------------------------------------------------------------------------------------------------------------------------------

Timing Summary Report

------------------------------------------------------------------------------------------------
| Timer Settings
| --------------
------------------------------------------------------------------------------------------------

  Enable Multi Corner Analysis               :  Yes
  Enable Pessimism Removal                   :  Yes
  Pessimism Removal Resolution               :  Nearest Common Node
  Enable Input Delay Default Clock           :  No
  Enable Preset / Clear Arcs                 :  No
  Disable Flight Delays                      :  No
  Ignore I/O Paths                           :  No
  Timing Early Launch at Borrowing Latches   :  No
  Borrow Time for Max Delay Exceptions       :  Yes
  Merge Timing Exceptions                    :  Yes
  Inter-SLR Compensation                     :  Conservative

  Corner  Analyze    Analyze    
  Name    Max Paths  Min Paths  
  ------  ---------  ---------  
  Slow    Yes        Yes        
  Fast    Yes        Yes        


------------------------------------------------------------------------------------------------
| Report Methodology
| ------------------
------------------------------------------------------------------------------------------------

No report available as report_methodology has not been run prior. Run report_methodology on the current design for the summary of methodology violations.



check_timing report

Table of Contents
-----------------
1. checking no_clock (0)
2. checking constant_clock (0)
3. checking pulse_width_clock (0)
4. checking unconstrained_internal_endpoints (0)
5. checking no_input_delay (0)
6. checking no_output_delay (0)
7. checking multiple_clock (0)
8. checking generated_clocks (0)
9. checking loops (0)
10. checking partial_input_delay (0)
11. checking partial_output_delay (0)
12. checking latch_loops (0)

1. checking no_clock (0)
------------------------
 There are 0 register/latch pins with no clock.


2. checking constant_clock (0)
------------------------------
 There are 0 register/latch pins with constant_clock.


3. checking pulse_width_clock (0)
---------------------------------
 There are 0 register/latch pins which need pulse_width check


4. checking unconstrained_internal_endpoints (0)
------------------------------------------------
 There are 0 pins that are not constrained for maximum delay.

 There are 0 pins that are not constrained for maximum delay due to constant clock.


5. checking no_input_delay (0)
------------------------------
 There are 0 input ports with no input delay specified.

 There are 0 input ports with no input delay but user has a false path constraint.


6. checking no_output_delay (0)
-------------------------------
 There are 0 ports with no output delay specified.

 There are 0 ports with no output delay but user has a false path constraint

 There are 0 ports with no output delay but with a timing clock defined on it or propagating through it


7. checking multiple_clock (0)
------------------------------
 There are 0 register/latch pins with multiple clocks.


8. checking generated_clocks (0)
--------------------------------
 There are 0 generated clocks that are not connected to a clock source.


9. checking loops (0)
---------------------
 There are 0 combinational loops in the design.


10. checking partial_input_delay (0)
------------------------------------
 There are 0 input ports with partial input delay specified.


11. checking partial_output_delay (0)
-------------------------------------
 There are 0 ports with partial output delay specified.


12. checking latch_loops (0)
----------------------------
 There are 0 combinational latch loops in the design through latch input



------------------------------------------------------------------------------------------------
| Design Timing Summary
| ---------------------
------------------------------------------------------------------------------------------------

    WNS(ns)      TNS(ns)  TNS Failing Endpoints  TNS Total Endpoints      WHS(ns)      THS(ns)  THS Failing Endpoints  THS Total Endpoints     WPWS(ns)     TPWS(ns)  TPWS Failing Endpoints  TPWS Total Endpoints  
    -------      -------  ---------------------  -------------------      -------      -------  ---------------------  -------------------     --------     --------  ----------------------  --------------------  
     10.862        0.000                      0                 3769        0.027        0.000                      0                 3769        9.020        0.000                       0                  1456  


All user specified timing constraints are met.


------------------------------------------------------------------------------------------------
| Clock Summary
| -------------
------------------------------------------------------------------------------------------------

Clock       Waveform(ns)       Period(ns)      Frequency(MHz)
-----       ------------       ----------      --------------
clk_fpga_0  {0.000 10.000}     20.000          50.000          


------------------------------------------------------------------------------------------------
| Intra Clock Table
| -----------------
------------------------------------------------------------------------------------------------

Clock             WNS(ns)      TNS(ns)  TNS Failing Endpoints  TNS Total Endpoints      WHS(ns)      THS(ns)  THS Failing Endpoints  THS Total Endpoints     WPWS(ns)     TPWS(ns)  TPWS Failing Endpoints  TPWS Total Endpoints  
-----             -------      -------  ---------------------  -------------------      -------      -------  ---------------------  -------------------     --------     --------  ----------------------  --------------------  
clk_fpga_0         10.862        0.000                      0                 3099        0.027        0.000                      0                 3099        9.020        0.000                       0                  1456  


------------------------------------------------------------------------------------------------
| Inter Clock Table
| -----------------
------------------------------------------------------------------------------------------------

From Clock    To Clock          WNS(ns)      TNS(ns)  TNS Failing Endpoints  TNS Total Endpoints      WHS(ns)      THS(ns)  THS Failing Endpoints  THS Total Endpoints  
----------    --------          -------      -------  ---------------------  -------------------      -------      -------  ---------------------  -------------------  


------------------------------------------------------------------------------------------------
| Other Path Groups Table
| -----------------------
------------------------------------------------------------------------------------------------

Path Group         From Clock         To Clock               WNS(ns)      TNS(ns)  TNS Failing Endpoints  TNS Total Endpoints      WHS(ns)      THS(ns)  THS Failing Endpoints  THS Total Endpoints  
----------         ----------         --------               -------      -------  ---------------------  -------------------      -------      -------  ---------------------  -------------------  
**async_default**  clk_fpga_0         clk_fpga_0              12.158        0.000                      0                  670        0.783        0.000                      0                  670  


------------------------------------------------------------------------------------------------
| User Ignored Path Table
| -----------------------
------------------------------------------------------------------------------------------------

Path Group    From Clock    To Clock    
----------    ----------    --------    
(none)                      clk_fpga_0    
(none)        clk_fpga_0    clk_fpga_0    


------------------------------------------------------------------------------------------------
| Unconstrained Path Table
| ------------------------
------------------------------------------------------------------------------------------------

Path Group    From Clock    To Clock    
----------    ----------    --------    


------------------------------------------------------------------------------------------------
| Timing Details
| --------------
------------------------------------------------------------------------------------------------


---------------------------------------------------------------------------------------------------
From Clock:  clk_fpga_0
  To Clock:  clk_fpga_0

Setup :            0  Failing Endpoints,  Worst Slack       10.862ns,  Total Violation        0.000ns
Hold  :            0  Failing Endpoints,  Worst Slack        0.027ns,  Total Violation        0.000ns
PW    :            0  Failing Endpoints,  Worst Slack        9.020ns,  Total Violation        0.000ns
---------------------------------------------------------------------------------------------------


Max Delay Paths
--------------------------------------------------------------------------------------
Slack (MET) :             10.862ns  (required time - arrival time)
  Source:                 system_i/sc_shd_axi_wrapper_0/inst/axi_araddr_reg[3]_rep/C
                            (rising edge-triggered cell FDRE clocked by clk_fpga_0  {rise@0.000ns fall@10.000ns period=20.000ns})
  Destination:            system_i/sc_shd_axi_wrapper_0/inst/axi_rdata_reg[21]/D
                            (rising edge-triggered cell FDRE clocked by clk_fpga_0  {rise@0.000ns fall@10.000ns period=20.000ns})
  Path Group:             clk_fpga_0
  Path Type:              Setup (Max at Slow Process Corner)
  Requirement:            20.000ns  (clk_fpga_0 rise@20.000ns - clk_fpga_0 rise@0.000ns)
  Data Path Delay:        8.819ns  (logic 0.890ns (10.092%)  route 7.929ns (89.908%))
  Logic Levels:           3  (LUT4=1 LUT5=1 LUT6=1)
  Clock Path Skew:        -0.046ns (DCD - SCD + CPR)
    Destination Clock Delay (DCD):    2.653ns = ( 22.653 - 20.000 ) 
    Source Clock Delay      (SCD):    2.928ns
    Clock Pessimism Removal (CPR):    0.229ns
  Clock Uncertainty:      0.302ns  ((TSJ^2 + TIJ^2)^1/2 + DJ) / 2 + PE
    Total System Jitter     (TSJ):    0.071ns
    Total Input Jitter      (TIJ):    0.600ns
    Discrete Jitter          (DJ):    0.000ns
    Phase Error              (PE):    0.000ns

    Location             Delay type                Incr(ns)  Path(ns)    Netlist Resource(s)
  -------------------------------------------------------------------    -------------------
                         (clock clk_fpga_0 rise edge)
                                                      0.000     0.000 r  
    PS7_X0Y0             PS7                          0.000     0.000 r  system_i/processing_system7_0/inst/PS7_i/FCLKCLK[0]
                         net (fo=1, routed)           1.193     1.193    system_i/processing_system7_0/inst/FCLK_CLK_unbuffered[0]
    BUFGCTRL_X0Y16       BUFG (Prop_bufg_I_O)         0.101     1.294 r  system_i/processing_system7_0/inst/buffer_fclk_clk_0.FCLK_CLK_0_BUFG/O
                         net (fo=1456, routed)        1.634     2.928    system_i/sc_shd_axi_wrapper_0/inst/S_AXI_ACLK
    SLICE_X32Y73         FDRE                                         r  system_i/sc_shd_axi_wrapper_0/inst/axi_araddr_reg[3]_rep/C
  -------------------------------------------------------------------    -------------------
    SLICE_X32Y73         FDRE (Prop_fdre_C_Q)         0.518     3.446 r  system_i/sc_shd_axi_wrapper_0/inst/axi_araddr_reg[3]_rep/Q
                         net (fo=89, routed)          5.732     9.178    system_i/sc_shd_axi_wrapper_0/inst/u_core/axi_rdata_reg[20]
    SLICE_X55Y85         LUT6 (Prop_lut6_I2_O)        0.124     9.302 r  system_i/sc_shd_axi_wrapper_0/inst/u_core/axi_rdata[21]_i_6/O
                         net (fo=1, routed)           1.229    10.531    system_i/sc_shd_axi_wrapper_0/inst/u_core/axi_rdata[21]_i_6_n_0
    SLICE_X48Y85         LUT4 (Prop_lut4_I1_O)        0.124    10.655 r  system_i/sc_shd_axi_wrapper_0/inst/u_core/axi_rdata[21]_i_3/O
                         net (fo=1, routed)           0.968    11.623    system_i/sc_shd_axi_wrapper_0/inst/u_core/axi_rdata[21]_i_3_n_0
    SLICE_X37Y86         LUT5 (Prop_lut5_I2_O)        0.124    11.747 r  system_i/sc_shd_axi_wrapper_0/inst/u_core/axi_rdata[21]_i_1/O
                         net (fo=1, routed)           0.000    11.747    system_i/sc_shd_axi_wrapper_0/inst/axi_rdata[21]
    SLICE_X37Y86         FDRE                                         r  system_i/sc_shd_axi_wrapper_0/inst/axi_rdata_reg[21]/D
  -------------------------------------------------------------------    -------------------

                         (clock clk_fpga_0 rise edge)
                                                     20.000    20.000 r  
    PS7_X0Y0             PS7                          0.000    20.000 r  system_i/processing_system7_0/inst/PS7_i/FCLKCLK[0]
                         net (fo=1, routed)           1.088    21.088    system_i/processing_system7_0/inst/FCLK_CLK_unbuffered[0]
    BUFGCTRL_X0Y16       BUFG (Prop_bufg_I_O)         0.091    21.179 r  system_i/processing_system7_0/inst/buffer_fclk_clk_0.FCLK_CLK_0_BUFG/O
                         net (fo=1456, routed)        1.474    22.653    system_i/sc_shd_axi_wrapper_0/inst/S_AXI_ACLK
    SLICE_X37Y86         FDRE                                         r  system_i/sc_shd_axi_wrapper_0/inst/axi_rdata_reg[21]/C
                         clock pessimism              0.229    22.882    
                         clock uncertainty           -0.302    22.580    
    SLICE_X37Y86         FDRE (Setup_fdre_C_D)        0.029    22.609    system_i/sc_shd_axi_wrapper_0/inst/axi_rdata_reg[21]
  -------------------------------------------------------------------
                         required time                         22.609    
                         arrival time                         -11.747    
  -------------------------------------------------------------------
                         slack                                 10.862    

Slack (MET) :             10.941ns  (required time - arrival time)
  Source:                 system_i/sc_shd_axi_wrapper_0/inst/axi_araddr_reg[3]_rep/C
                            (rising edge-triggered cell FDRE clocked by clk_fpga_0  {rise@0.000ns fall@10.000ns period=20.000ns})
  Destination:            system_i/sc_shd_axi_wrapper_0/inst/axi_rdata_reg[29]/D
                            (rising edge-triggered cell FDRE clocked by clk_fpga_0  {rise@0.000ns fall@10.000ns period=20.000ns})
  Path Group:             clk_fpga_0
  Path Type:              Setup (Max at Slow Process Corner)
  Requirement:            20.000ns  (clk_fpga_0 rise@20.000ns - clk_fpga_0 rise@0.000ns)
  Data Path Delay:        8.788ns  (logic 0.890ns (10.128%)  route 7.898ns (89.872%))
  Logic Levels:           3  (LUT4=1 LUT6=2)
  Clock Path Skew:        -0.046ns (DCD - SCD + CPR)
    Destination Clock Delay (DCD):    2.653ns = ( 22.653 - 20.000 ) 
    Source Clock Delay      (SCD):    2.928ns
    Clock Pessimism Removal (CPR):    0.229ns
  Clock Uncertainty:      0.302ns  ((TSJ^2 + TIJ^2)^1/2 + DJ) / 2 + PE
    Total System Jitter     (TSJ):    0.071ns
    Total Input Jitter      (TIJ):    0.600ns
    Discrete Jitter          (DJ):    0.000ns
    Phase Error              (PE):    0.000ns

    Location             Delay type                Incr(ns)  Path(ns)    Netlist Resource(s)
  -------------------------------------------------------------------    -------------------
                         (clock clk_fpga_0 rise edge)
                                                      0.000     0.000 r  
    PS7_X0Y0             PS7                          0.000     0.000 r  system_i/processing_system7_0/inst/PS7_i/FCLKCLK[0]
                         net (fo=1, routed)           1.193     1.193    system_i/processing_system7_0/inst/FCLK_CLK_unbuffered[0]
    BUFGCTRL_X0Y16       BUFG (Prop_bufg_I_O)         0.101     1.294 r  system_i/processing_system7_0/inst/buffer_fclk_clk_0.FCLK_CLK_0_BUFG/O
                         net (fo=1456, routed)        1.634     2.928    system_i/sc_shd_axi_wrapper_0/inst/S_AXI_ACLK
    SLICE_X32Y73         FDRE                                         r  system_i/sc_shd_axi_wrapper_0/inst/axi_araddr_reg[3]_rep/C
  -------------------------------------------------------------------    -------------------
    SLICE_X32Y73         FDRE (Prop_fdre_C_Q)         0.518     3.446 r  system_i/sc_shd_axi_wrapper_0/inst/axi_araddr_reg[3]_rep/Q
                         net (fo=89, routed)          6.329     9.775    system_i/sc_shd_axi_wrapper_0/inst/u_core/axi_rdata_reg[20]
    SLICE_X52Y86         LUT6 (Prop_lut6_I2_O)        0.124     9.899 r  system_i/sc_shd_axi_wrapper_0/inst/u_core/axi_rdata[29]_i_7/O
                         net (fo=1, routed)           0.563    10.461    system_i/sc_shd_axi_wrapper_0/inst/u_core/axi_rdata[29]_i_7_n_0
    SLICE_X51Y86         LUT4 (Prop_lut4_I2_O)        0.124    10.585 r  system_i/sc_shd_axi_wrapper_0/inst/u_core/axi_rdata[29]_i_4/O
                         net (fo=1, routed)           1.006    11.592    system_i/sc_shd_axi_wrapper_0/inst/u_core/axi_rdata[29]_i_4_n_0
    SLICE_X38Y86         LUT6 (Prop_lut6_I3_O)        0.124    11.716 r  system_i/sc_shd_axi_wrapper_0/inst/u_core/axi_rdata[29]_i_1/O
                         net (fo=1, routed)           0.000    11.716    system_i/sc_shd_axi_wrapper_0/inst/axi_rdata[29]
    SLICE_X38Y86         FDRE                                         r  system_i/sc_shd_axi_wrapper_0/inst/axi_rdata_reg[29]/D
  -------------------------------------------------------------------    -------------------

                         (clock clk_fpga_0 rise edge)
                                                     20.000    20.000 r  
    PS7_X0Y0             PS7                          0.000    20.000 r  system_i/processing_system7_0/inst/PS7_i/FCLKCLK[0]
                         net (fo=1, routed)           1.088    21.088    system_i/processing_system7_0/inst/FCLK_CLK_unbuffered[0]
    BUFGCTRL_X0Y16       BUFG (Prop_bufg_I_O)         0.091    21.179 r  system_i/processing_system7_0/inst/buffer_fclk_clk_0.FCLK_CLK_0_BUFG/O
                         net (fo=1456, routed)        1.474    22.653    system_i/sc_shd_axi_wrapper_0/inst/S_AXI_ACLK
    SLICE_X38Y86         FDRE                                         r  system_i/sc_shd_axi_wrapper_0/inst/axi_rdata_reg[29]/C
                         clock pessimism              0.229    22.882    
                         clock uncertainty           -0.302    22.580    
    SLICE_X38Y86         FDRE (Setup_fdre_C_D)        0.077    22.657    system_i/sc_shd_axi_wrapper_0/inst/axi_rdata_reg[29]
  -------------------------------------------------------------------
                         required time                         22.657    
                         arrival time                         -11.716    
  -------------------------------------------------------------------
                         slack                                 10.941    

Slack (MET) :             11.109ns  (required time - arrival time)
  Source:                 system_i/sc_shd_axi_wrapper_0/inst/axi_araddr_reg[3]_rep/C
                            (rising edge-triggered cell FDRE clocked by clk_fpga_0  {rise@0.000ns fall@10.000ns period=20.000ns})
  Destination:            system_i/sc_shd_axi_wrapper_0/inst/axi_rdata_reg[30]/D
                            (rising edge-triggered cell FDRE clocked by clk_fpga_0  {rise@0.000ns fall@10.000ns period=20.000ns})
  Path Group:             clk_fpga_0
  Path Type:              Setup (Max at Slow Process Corner)
  Requirement:            20.000ns  (clk_fpga_0 rise@20.000ns - clk_fpga_0 rise@0.000ns)
  Data Path Delay:        8.621ns  (logic 0.890ns (10.323%)  route 7.731ns (89.677%))
  Logic Levels:           3  (LUT4=1 LUT5=1 LUT6=1)
  Clock Path Skew:        -0.046ns (DCD - SCD + CPR)
    Destination Clock Delay (DCD):    2.653ns = ( 22.653 - 20.000 ) 
    Source Clock Delay      (SCD):    2.928ns
    Clock Pessimism Removal (CPR):    0.229ns
  Clock Uncertainty:      0.302ns  ((TSJ^2 + TIJ^2)^1/2 + DJ) / 2 + PE
    Total System Jitter     (TSJ):    0.071ns
    Total Input Jitter      (TIJ):    0.600ns
    Discrete Jitter          (DJ):    0.000ns
    Phase Error              (PE):    0.000ns

    Location             Delay type                Incr(ns)  Path(ns)    Netlist Resource(s)
  -------------------------------------------------------------------    -------------------
                         (clock clk_fpga_0 rise edge)
                                                      0.000     0.000 r  
    PS7_X0Y0             PS7                          0.000     0.000 r  system_i/processing_system7_0/inst/PS7_i/FCLKCLK[0]
                         net (fo=1, routed)           1.193     1.193    system_i/processing_system7_0/inst/FCLK_CLK_unbuffered[0]
    BUFGCTRL_X0Y16       BUFG (Prop_bufg_I_O)         0.101     1.294 r  system_i/processing_system7_0/inst/buffer_fclk_clk_0.FCLK_CLK_0_BUFG/O
                         net (fo=1456, routed)        1.634     2.928    system_i/sc_shd_axi_wrapper_0/inst/S_AXI_ACLK
    SLICE_X32Y73         FDRE                                         r  system_i/sc_shd_axi_wrapper_0/inst/axi_araddr_reg[3]_rep/C
  -------------------------------------------------------------------    -------------------
    SLICE_X32Y73         FDRE (Prop_fdre_C_Q)         0.518     3.446 r  system_i/sc_shd_axi_wrapper_0/inst/axi_araddr_reg[3]_rep/Q
                         net (fo=89, routed)          6.373     9.819    system_i/sc_shd_axi_wrapper_0/inst/u_core/axi_rdata_reg[20]
    SLICE_X52Y86         LUT6 (Prop_lut6_I2_O)        0.124     9.943 r  system_i/sc_shd_axi_wrapper_0/inst/u_core/axi_rdata[30]_i_7/O
                         net (fo=1, routed)           0.295    10.238    system_i/sc_shd_axi_wrapper_0/inst/u_core/axi_rdata[30]_i_7_n_0
    SLICE_X50Y86         LUT4 (Prop_lut4_I3_O)        0.124    10.362 r  system_i/sc_shd_axi_wrapper_0/inst/u_core/axi_rdata[30]_i_3/O
                         net (fo=1, routed)           1.063    11.425    system_i/sc_shd_axi_wrapper_0/inst/u_core/axi_rdata[30]_i_3_n_0
    SLICE_X36Y86         LUT5 (Prop_lut5_I2_O)        0.124    11.549 r  system_i/sc_shd_axi_wrapper_0/inst/u_core/axi_rdata[30]_i_1/O
                         net (fo=1, routed)           0.000    11.549    system_i/sc_shd_axi_wrapper_0/inst/axi_rdata[30]
    SLICE_X36Y86         FDRE                                         r  system_i/sc_shd_axi_wrapper_0/inst/axi_rdata_reg[30]/D
  -------------------------------------------------------------------    -------------------

                         (clock clk_fpga_0 rise edge)
                                                     20.000    20.000 r  
    PS7_X0Y0             PS7                          0.000    20.000 r  system_i/processing_system7_0/inst/PS7_i/FCLKCLK[0]
                         net (fo=1, routed)           1.088    21.088    system_i/processing_system7_0/inst/FCLK_CLK_unbuffered[0]
    BUFGCTRL_X0Y16       BUFG (Prop_bufg_I_O)         0.091    21.179 r  system_i/processing_system7_0/inst/buffer_fclk_clk_0.FCLK_CLK_0_BUFG/O
                         net (fo=1456, routed)        1.474    22.653    system_i/sc_shd_axi_wrapper_0/inst/S_AXI_ACLK
    SLICE_X36Y86         FDRE                                         r  system_i/sc_shd_axi_wrapper_0/inst/axi_rdata_reg[30]/C
                         clock pessimism              0.229    22.882    
                         clock uncertainty           -0.302    22.580    
    SLICE_X36Y86         FDRE (Setup_fdre_C_D)        0.079    22.659    system_i/sc_shd_axi_wrapper_0/inst/axi_rdata_reg[30]
  -------------------------------------------------------------------
                         required time                         22.659    
                         arrival time                         -11.549    
  -------------------------------------------------------------------
                         slack                                 11.109    

Slack (MET) :             11.263ns  (required time - arrival time)
  Source:                 system_i/sc_shd_axi_wrapper_0/inst/axi_araddr_reg[3]_rep/C
                            (rising edge-triggered cell FDRE clocked by clk_fpga_0  {rise@0.000ns fall@10.000ns period=20.000ns})
  Destination:            system_i/sc_shd_axi_wrapper_0/inst/axi_rdata_reg[18]/D
                            (rising edge-triggered cell FDRE clocked by clk_fpga_0  {rise@0.000ns fall@10.000ns period=20.000ns})
  Path Group:             clk_fpga_0
  Path Type:              Setup (Max at Slow Process Corner)
  Requirement:            20.000ns  (clk_fpga_0 rise@20.000ns - clk_fpga_0 rise@0.000ns)
  Data Path Delay:        8.418ns  (logic 0.890ns (10.573%)  route 7.528ns (89.427%))
  Logic Levels:           3  (LUT4=1 LUT5=1 LUT6=1)
  Clock Path Skew:        -0.046ns (DCD - SCD + CPR)
    Destination Clock Delay (DCD):    2.653ns = ( 22.653 - 20.000 ) 
    Source Clock Delay      (SCD):    2.928ns
    Clock Pessimism Removal (CPR):    0.229ns
  Clock Uncertainty:      0.302ns  ((TSJ^2 + TIJ^2)^1/2 + DJ) / 2 + PE
    Total System Jitter     (TSJ):    0.071ns
    Total Input Jitter      (TIJ):    0.600ns
    Discrete Jitter          (DJ):    0.000ns
    Phase Error              (PE):    0.000ns

    Location             Delay type                Incr(ns)  Path(ns)    Netlist Resource(s)
  -------------------------------------------------------------------    -------------------
                         (clock clk_fpga_0 rise edge)
                                                      0.000     0.000 r  
    PS7_X0Y0             PS7                          0.000     0.000 r  system_i/processing_system7_0/inst/PS7_i/FCLKCLK[0]
                         net (fo=1, routed)           1.193     1.193    system_i/processing_system7_0/inst/FCLK_CLK_unbuffered[0]
    BUFGCTRL_X0Y16       BUFG (Prop_bufg_I_O)         0.101     1.294 r  system_i/processing_system7_0/inst/buffer_fclk_clk_0.FCLK_CLK_0_BUFG/O
                         net (fo=1456, routed)        1.634     2.928    system_i/sc_shd_axi_wrapper_0/inst/S_AXI_ACLK
    SLICE_X32Y73         FDRE                                         r  system_i/sc_shd_axi_wrapper_0/inst/axi_araddr_reg[3]_rep/C
  -------------------------------------------------------------------    -------------------
    SLICE_X32Y73         FDRE (Prop_fdre_C_Q)         0.518     3.446 r  system_i/sc_shd_axi_wrapper_0/inst/axi_araddr_reg[3]_rep/Q
                         net (fo=89, routed)          5.102     8.548    system_i/sc_shd_axi_wrapper_0/inst/u_core/axi_rdata_reg[20]
    SLICE_X55Y82         LUT6 (Prop_lut6_I2_O)        0.124     8.672 r  system_i/sc_shd_axi_wrapper_0/inst/u_core/axi_rdata[18]_i_6/O
                         net (fo=1, routed)           0.724     9.396    system_i/sc_shd_axi_wrapper_0/inst/u_core/axi_rdata[18]_i_6_n_0
    SLICE_X60Y82         LUT4 (Prop_lut4_I0_O)        0.124     9.520 r  system_i/sc_shd_axi_wrapper_0/inst/u_core/axi_rdata[18]_i_3/O
                         net (fo=1, routed)           1.702    11.222    system_i/sc_shd_axi_wrapper_0/inst/u_core/axi_rdata[18]_i_3_n_0
    SLICE_X37Y85         LUT5 (Prop_lut5_I2_O)        0.124    11.346 r  system_i/sc_shd_axi_wrapper_0/inst/u_core/axi_rdata[18]_i_1/O
                         net (fo=1, routed)           0.000    11.346    system_i/sc_shd_axi_wrapper_0/inst/axi_rdata[18]
    SLICE_X37Y85         FDRE                                         r  system_i/sc_shd_axi_wrapper_0/inst/axi_rdata_reg[18]/D
  -------------------------------------------------------------------    -------------------

                         (clock clk_fpga_0 rise edge)
                                                     20.000    20.000 r  
    PS7_X0Y0             PS7                          0.000    20.000 r  system_i/processing_system7_0/inst/PS7_i/FCLKCLK[0]
                         net (fo=1, routed)           1.088    21.088    system_i/processing_system7_0/inst/FCLK_CLK_unbuffered[0]
    BUFGCTRL_X0Y16       BUFG (Prop_bufg_I_O)         0.091    21.179 r  system_i/processing_system7_0/inst/buffer_fclk_clk_0.FCLK_CLK_0_BUFG/O
                         net (fo=1456, routed)        1.474    22.653    system_i/sc_shd_axi_wrapper_0/inst/S_AXI_ACLK
    SLICE_X37Y85         FDRE                                         r  system_i/sc_shd_axi_wrapper_0/inst/axi_rdata_reg[18]/C
                         clock pessimism              0.229    22.882    
                         clock uncertainty           -0.302    22.580    
    SLICE_X37Y85         FDRE (Setup_fdre_C_D)        0.029    22.609    system_i/sc_shd_axi_wrapper_0/inst/axi_rdata_reg[18]
  -------------------------------------------------------------------
                         required time                         22.609    
                         arrival time                         -11.346    
  -------------------------------------------------------------------
                         slack                                 11.263    

Slack (MET) :             11.310ns  (required time - arrival time)
  Source:                 system_i/sc_shd_axi_wrapper_0/inst/axi_araddr_reg[3]_rep/C
                            (rising edge-triggered cell FDRE clocked by clk_fpga_0  {rise@0.000ns fall@10.000ns period=20.000ns})
  Destination:            system_i/sc_shd_axi_wrapper_0/inst/axi_rdata_reg[20]/D
                            (rising edge-triggered cell FDRE clocked by clk_fpga_0  {rise@0.000ns fall@10.000ns period=20.000ns})
  Path Group:             clk_fpga_0
  Path Type:              Setup (Max at Slow Process Corner)
  Requirement:            20.000ns  (clk_fpga_0 rise@20.000ns - clk_fpga_0 rise@0.000ns)
  Data Path Delay:        8.419ns  (logic 0.890ns (10.572%)  route 7.529ns (89.428%))
  Logic Levels:           3  (LUT4=1 LUT6=2)
  Clock Path Skew:        -0.046ns (DCD - SCD + CPR)
    Destination Clock Delay (DCD):    2.653ns = ( 22.653 - 20.000 ) 
    Source Clock Delay      (SCD):    2.928ns
    Clock Pessimism Removal (CPR):    0.229ns
  Clock Uncertainty:      0.302ns  ((TSJ^2 + TIJ^2)^1/2 + DJ) / 2 + PE
    Total System Jitter     (TSJ):    0.071ns
    Total Input Jitter      (TIJ):    0.600ns
    Discrete Jitter          (DJ):    0.000ns
    Phase Error              (PE):    0.000ns

    Location             Delay type                Incr(ns)  Path(ns)    Netlist Resource(s)
  -------------------------------------------------------------------    -------------------
                         (clock clk_fpga_0 rise edge)
                                                      0.000     0.000 r  
    PS7_X0Y0             PS7                          0.000     0.000 r  system_i/processing_system7_0/inst/PS7_i/FCLKCLK[0]
                         net (fo=1, routed)           1.193     1.193    system_i/processing_system7_0/inst/FCLK_CLK_unbuffered[0]
    BUFGCTRL_X0Y16       BUFG (Prop_bufg_I_O)         0.101     1.294 r  system_i/processing_system7_0/inst/buffer_fclk_clk_0.FCLK_CLK_0_BUFG/O
                         net (fo=1456, routed)        1.634     2.928    system_i/sc_shd_axi_wrapper_0/inst/S_AXI_ACLK
    SLICE_X32Y73         FDRE                                         r  system_i/sc_shd_axi_wrapper_0/inst/axi_araddr_reg[3]_rep/C
  -------------------------------------------------------------------    -------------------
    SLICE_X32Y73         FDRE (Prop_fdre_C_Q)         0.518     3.446 r  system_i/sc_shd_axi_wrapper_0/inst/axi_araddr_reg[3]_rep/Q
                         net (fo=89, routed)          5.799     9.245    system_i/sc_shd_axi_wrapper_0/inst/u_core/axi_rdata_reg[20]
    SLICE_X55Y85         LUT6 (Prop_lut6_I2_O)        0.124     9.369 r  system_i/sc_shd_axi_wrapper_0/inst/u_core/axi_rdata[20]_i_5/O
                         net (fo=1, routed)           1.048    10.417    system_i/sc_shd_axi_wrapper_0/inst/u_core/axi_rdata[20]_i_5_n_0
    SLICE_X48Y85         LUT4 (Prop_lut4_I0_O)        0.124    10.541 r  system_i/sc_shd_axi_wrapper_0/inst/u_core/axi_rdata[20]_i_3/O
                         net (fo=1, routed)           0.682    11.223    system_i/sc_shd_axi_wrapper_0/inst/u_core/axi_rdata[20]_i_3_n_0
    SLICE_X36Y85         LUT6 (Prop_lut6_I3_O)        0.124    11.347 r  system_i/sc_shd_axi_wrapper_0/inst/u_core/axi_rdata[20]_i_1/O
                         net (fo=1, routed)           0.000    11.347    system_i/sc_shd_axi_wrapper_0/inst/axi_rdata[20]
    SLICE_X36Y85         FDRE                                         r  system_i/sc_shd_axi_wrapper_0/inst/axi_rdata_reg[20]/D
  -------------------------------------------------------------------    -------------------

                         (clock clk_fpga_0 rise edge)
                                                     20.000    20.000 r  
    PS7_X0Y0             PS7                          0.000    20.000 r  system_i/processing_system7_0/inst/PS7_i/FCLKCLK[0]
                         net (fo=1, routed)           1.088    21.088    system_i/processing_system7_0/inst/FCLK_CLK_unbuffered[0]
    BUFGCTRL_X0Y16       BUFG (Prop_bufg_I_O)         0.091    21.179 r  system_i/processing_system7_0/inst/buffer_fclk_clk_0.FCLK_CLK_0_BUFG/O
                         net (fo=1456, routed)        1.474    22.653    system_i/sc_shd_axi_wrapper_0/inst/S_AXI_ACLK
    SLICE_X36Y85         FDRE                                         r  system_i/sc_shd_axi_wrapper_0/inst/axi_rdata_reg[20]/C
                         clock pessimism              0.229    22.882    
                         clock uncertainty           -0.302    22.580    
    SLICE_X36Y85         FDRE (Setup_fdre_C_D)        0.077    22.657    system_i/sc_shd_axi_wrapper_0/inst/axi_rdata_reg[20]
  -------------------------------------------------------------------
                         required time                         22.657    
                         arrival time                         -11.347    
  -------------------------------------------------------------------
                         slack                                 11.310    

Slack (MET) :             11.367ns  (required time - arrival time)
  Source:                 system_i/sc_shd_axi_wrapper_0/inst/axi_araddr_reg[3]_rep/C
                            (rising edge-triggered cell FDRE clocked by clk_fpga_0  {rise@0.000ns fall@10.000ns period=20.000ns})
  Destination:            system_i/sc_shd_axi_wrapper_0/inst/axi_rdata_reg[31]/D
                            (rising edge-triggered cell FDRE clocked by clk_fpga_0  {rise@0.000ns fall@10.000ns period=20.000ns})
  Path Group:             clk_fpga_0
  Path Type:              Setup (Max at Slow Process Corner)
  Requirement:            20.000ns  (clk_fpga_0 rise@20.000ns - clk_fpga_0 rise@0.000ns)
  Data Path Delay:        8.364ns  (logic 0.890ns (10.641%)  route 7.474ns (89.359%))
  Logic Levels:           3  (LUT5=1 LUT6=2)
  Clock Path Skew:        -0.046ns (DCD - SCD + CPR)
    Destination Clock Delay (DCD):    2.653ns = ( 22.653 - 20.000 ) 
    Source Clock Delay      (SCD):    2.928ns
    Clock Pessimism Removal (CPR):    0.229ns
  Clock Uncertainty:      0.302ns  ((TSJ^2 + TIJ^2)^1/2 + DJ) / 2 + PE
    Total System Jitter     (TSJ):    0.071ns
    Total Input Jitter      (TIJ):    0.600ns
    Discrete Jitter          (DJ):    0.000ns
    Phase Error              (PE):    0.000ns

    Location             Delay type                Incr(ns)  Path(ns)    Netlist Resource(s)
  -------------------------------------------------------------------    -------------------
                         (clock clk_fpga_0 rise edge)
                                                      0.000     0.000 r  
    PS7_X0Y0             PS7                          0.000     0.000 r  system_i/processing_system7_0/inst/PS7_i/FCLKCLK[0]
                         net (fo=1, routed)           1.193     1.193    system_i/processing_system7_0/inst/FCLK_CLK_unbuffered[0]
    BUFGCTRL_X0Y16       BUFG (Prop_bufg_I_O)         0.101     1.294 r  system_i/processing_system7_0/inst/buffer_fclk_clk_0.FCLK_CLK_0_BUFG/O
                         net (fo=1456, routed)        1.634     2.928    system_i/sc_shd_axi_wrapper_0/inst/S_AXI_ACLK
    SLICE_X32Y73         FDRE                                         r  system_i/sc_shd_axi_wrapper_0/inst/axi_araddr_reg[3]_rep/C
  -------------------------------------------------------------------    -------------------
    SLICE_X32Y73         FDRE (Prop_fdre_C_Q)         0.518     3.446 r  system_i/sc_shd_axi_wrapper_0/inst/axi_araddr_reg[3]_rep/Q
                         net (fo=89, routed)          6.529     9.975    system_i/sc_shd_axi_wrapper_0/inst/u_core/axi_rdata_reg[20]
    SLICE_X53Y86         LUT6 (Prop_lut6_I2_O)        0.124    10.099 r  system_i/sc_shd_axi_wrapper_0/inst/u_core/axi_rdata[31]_i_12/O
                         net (fo=1, routed)           0.285    10.384    system_i/sc_shd_axi_wrapper_0/inst/u_core/axi_rdata[31]_i_12_n_0
    SLICE_X51Y86         LUT5 (Prop_lut5_I3_O)        0.124    10.508 f  system_i/sc_shd_axi_wrapper_0/inst/u_core/axi_rdata[31]_i_6/O
                         net (fo=1, routed)           0.660    11.168    system_i/sc_shd_axi_wrapper_0/inst/u_core/axi_rdata[31]_i_6_n_0
    SLICE_X36Y86         LUT6 (Prop_lut6_I5_O)        0.124    11.292 r  system_i/sc_shd_axi_wrapper_0/inst/u_core/axi_rdata[31]_i_2/O
                         net (fo=1, routed)           0.000    11.292    system_i/sc_shd_axi_wrapper_0/inst/axi_rdata[31]
    SLICE_X36Y86         FDRE                                         r  system_i/sc_shd_axi_wrapper_0/inst/axi_rdata_reg[31]/D
  -------------------------------------------------------------------    -------------------

                         (clock clk_fpga_0 rise edge)
                                                     20.000    20.000 r  
    PS7_X0Y0             PS7                          0.000    20.000 r  system_i/processing_system7_0/inst/PS7_i/FCLKCLK[0]
                         net (fo=1, routed)           1.088    21.088    system_i/processing_system7_0/inst/FCLK_CLK_unbuffered[0]
    BUFGCTRL_X0Y16       BUFG (Prop_bufg_I_O)         0.091    21.179 r  system_i/processing_system7_0/inst/buffer_fclk_clk_0.FCLK_CLK_0_BUFG/O
                         net (fo=1456, routed)        1.474    22.653    system_i/sc_shd_axi_wrapper_0/inst/S_AXI_ACLK
    SLICE_X36Y86         FDRE                                         r  system_i/sc_shd_axi_wrapper_0/inst/axi_rdata_reg[31]/C
                         clock pessimism              0.229    22.882    
                         clock uncertainty           -0.302    22.580    
    SLICE_X36Y86         FDRE (Setup_fdre_C_D)        0.079    22.659    system_i/sc_shd_axi_wrapper_0/inst/axi_rdata_reg[31]
  -------------------------------------------------------------------
                         required time                         22.659    
                         arrival time                         -11.292    
  -------------------------------------------------------------------
                         slack                                 11.367    

Slack (MET) :             11.439ns  (required time - arrival time)
  Source:                 system_i/sc_shd_axi_wrapper_0/inst/axi_araddr_reg[2]/C
                            (rising edge-triggered cell FDRE clocked by clk_fpga_0  {rise@0.000ns fall@10.000ns period=20.000ns})
  Destination:            system_i/sc_shd_axi_wrapper_0/inst/axi_rdata_reg[12]/D
                            (rising edge-triggered cell FDRE clocked by clk_fpga_0  {rise@0.000ns fall@10.000ns period=20.000ns})
  Path Group:             clk_fpga_0
  Path Type:              Setup (Max at Slow Process Corner)
  Requirement:            20.000ns  (clk_fpga_0 rise@20.000ns - clk_fpga_0 rise@0.000ns)
  Data Path Delay:        8.288ns  (logic 1.158ns (13.973%)  route 7.130ns (86.027%))
  Logic Levels:           3  (LUT6=2 MUXF7=1)
  Clock Path Skew:        -0.002ns (DCD - SCD + CPR)
    Destination Clock Delay (DCD):    2.697ns = ( 22.697 - 20.000 ) 
    Source Clock Delay      (SCD):    2.928ns
    Clock Pessimism Removal (CPR):    0.229ns
  Clock Uncertainty:      0.302ns  ((TSJ^2 + TIJ^2)^1/2 + DJ) / 2 + PE
    Total System Jitter     (TSJ):    0.071ns
    Total Input Jitter      (TIJ):    0.600ns
    Discrete Jitter          (DJ):    0.000ns
    Phase Error              (PE):    0.000ns

    Location             Delay type                Incr(ns)  Path(ns)    Netlist Resource(s)
  -------------------------------------------------------------------    -------------------
                         (clock clk_fpga_0 rise edge)
                                                      0.000     0.000 r  
    PS7_X0Y0             PS7                          0.000     0.000 r  system_i/processing_system7_0/inst/PS7_i/FCLKCLK[0]
                         net (fo=1, routed)           1.193     1.193    system_i/processing_system7_0/inst/FCLK_CLK_unbuffered[0]
    BUFGCTRL_X0Y16       BUFG (Prop_bufg_I_O)         0.101     1.294 r  system_i/processing_system7_0/inst/buffer_fclk_clk_0.FCLK_CLK_0_BUFG/O
                         net (fo=1456, routed)        1.634     2.928    system_i/sc_shd_axi_wrapper_0/inst/S_AXI_ACLK
    SLICE_X32Y73         FDRE                                         r  system_i/sc_shd_axi_wrapper_0/inst/axi_araddr_reg[2]/C
  -------------------------------------------------------------------    -------------------
    SLICE_X32Y73         FDRE (Prop_fdre_C_Q)         0.518     3.446 r  system_i/sc_shd_axi_wrapper_0/inst/axi_araddr_reg[2]/Q
                         net (fo=131, routed)         4.989     8.435    system_i/sc_shd_axi_wrapper_0/inst/u_core/Q[0]
    SLICE_X61Y80         LUT6 (Prop_lut6_I4_O)        0.124     8.559 r  system_i/sc_shd_axi_wrapper_0/inst/u_core/axi_rdata[12]_i_10/O
                         net (fo=1, routed)           0.000     8.559    system_i/sc_shd_axi_wrapper_0/inst/u_core/axi_rdata[12]_i_10_n_0
    SLICE_X61Y80         MUXF7 (Prop_muxf7_I1_O)      0.217     8.776 r  system_i/sc_shd_axi_wrapper_0/inst/u_core/axi_rdata_reg[12]_i_4/O
                         net (fo=1, routed)           2.141    10.917    system_i/sc_shd_axi_wrapper_0/inst/u_core/axi_rdata_reg[12]_i_4_n_0
    SLICE_X31Y83         LUT6 (Prop_lut6_I4_O)        0.299    11.216 r  system_i/sc_shd_axi_wrapper_0/inst/u_core/axi_rdata[12]_i_1/O
                         net (fo=1, routed)           0.000    11.216    system_i/sc_shd_axi_wrapper_0/inst/axi_rdata[12]
    SLICE_X31Y83         FDRE                                         r  system_i/sc_shd_axi_wrapper_0/inst/axi_rdata_reg[12]/D
  -------------------------------------------------------------------    -------------------

                         (clock clk_fpga_0 rise edge)
                                                     20.000    20.000 r  
    PS7_X0Y0             PS7                          0.000    20.000 r  system_i/processing_system7_0/inst/PS7_i/FCLKCLK[0]
                         net (fo=1, routed)           1.088    21.088    system_i/processing_system7_0/inst/FCLK_CLK_unbuffered[0]
    BUFGCTRL_X0Y16       BUFG (Prop_bufg_I_O)         0.091    21.179 r  system_i/processing_system7_0/inst/buffer_fclk_clk_0.FCLK_CLK_0_BUFG/O
                         net (fo=1456, routed)        1.518    22.697    system_i/sc_shd_axi_wrapper_0/inst/S_AXI_ACLK
    SLICE_X31Y83         FDRE                                         r  system_i/sc_shd_axi_wrapper_0/inst/axi_rdata_reg[12]/C
                         clock pessimism              0.229    22.926    
                         clock uncertainty           -0.302    22.624    
    SLICE_X31Y83         FDRE (Setup_fdre_C_D)        0.031    22.655    system_i/sc_shd_axi_wrapper_0/inst/axi_rdata_reg[12]
  -------------------------------------------------------------------
                         required time                         22.655    
                         arrival time                         -11.216    
  -------------------------------------------------------------------
                         slack                                 11.439    

Slack (MET) :             11.493ns  (required time - arrival time)
  Source:                 system_i/sc_shd_axi_wrapper_0/inst/u_core/running_reg_rep__7/C
                            (rising edge-triggered cell FDCE clocked by clk_fpga_0  {rise@0.000ns fall@10.000ns period=20.000ns})
  Destination:            system_i/sc_shd_axi_wrapper_0/inst/u_core/output_v_sum_packed_reg[274]/CE
                            (rising edge-triggered cell FDCE clocked by clk_fpga_0  {rise@0.000ns fall@10.000ns period=20.000ns})
  Path Group:             clk_fpga_0
  Path Type:              Setup (Max at Slow Process Corner)
  Requirement:            20.000ns  (clk_fpga_0 rise@20.000ns - clk_fpga_0 rise@0.000ns)
  Data Path Delay:        7.859ns  (logic 0.718ns (9.136%)  route 7.141ns (90.864%))
  Logic Levels:           1  (LUT3=1)
  Clock Path Skew:        -0.141ns (DCD - SCD + CPR)
    Destination Clock Delay (DCD):    2.708ns = ( 22.708 - 20.000 ) 
    Source Clock Delay      (SCD):    2.978ns
    Clock Pessimism Removal (CPR):    0.129ns
  Clock Uncertainty:      0.302ns  ((TSJ^2 + TIJ^2)^1/2 + DJ) / 2 + PE
    Total System Jitter     (TSJ):    0.071ns
    Total Input Jitter      (TIJ):    0.600ns
    Discrete Jitter          (DJ):    0.000ns
    Phase Error              (PE):    0.000ns

    Location             Delay type                Incr(ns)  Path(ns)    Netlist Resource(s)
  -------------------------------------------------------------------    -------------------
                         (clock clk_fpga_0 rise edge)
                                                      0.000     0.000 r  
    PS7_X0Y0             PS7                          0.000     0.000 r  system_i/processing_system7_0/inst/PS7_i/FCLKCLK[0]
                         net (fo=1, routed)           1.193     1.193    system_i/processing_system7_0/inst/FCLK_CLK_unbuffered[0]
    BUFGCTRL_X0Y16       BUFG (Prop_bufg_I_O)         0.101     1.294 r  system_i/processing_system7_0/inst/buffer_fclk_clk_0.FCLK_CLK_0_BUFG/O
                         net (fo=1456, routed)        1.684     2.978    system_i/sc_shd_axi_wrapper_0/inst/u_core/S_AXI_ACLK
    SLICE_X27Y81         FDCE                                         r  system_i/sc_shd_axi_wrapper_0/inst/u_core/running_reg_rep__7/C
  -------------------------------------------------------------------    -------------------
    SLICE_X27Y81         FDCE (Prop_fdce_C_Q)         0.419     3.397 r  system_i/sc_shd_axi_wrapper_0/inst/u_core/running_reg_rep__7/Q
                         net (fo=23, routed)          1.809     5.206    system_i/sc_shd_axi_wrapper_0/inst/u_core/running_reg_rep__7_n_0
    SLICE_X33Y73         LUT3 (Prop_lut3_I2_O)        0.299     5.505 r  system_i/sc_shd_axi_wrapper_0/inst/u_core/output_v_sum_packed[639]_i_1/O
                         net (fo=640, routed)         5.331    10.837    system_i/sc_shd_axi_wrapper_0/inst/u_core/output_v_sum_packed[639]_i_1_n_0
    SLICE_X59Y82         FDCE                                         r  system_i/sc_shd_axi_wrapper_0/inst/u_core/output_v_sum_packed_reg[274]/CE
  -------------------------------------------------------------------    -------------------

                         (clock clk_fpga_0 rise edge)
                                                     20.000    20.000 r  
    PS7_X0Y0             PS7                          0.000    20.000 r  system_i/processing_system7_0/inst/PS7_i/FCLKCLK[0]
                         net (fo=1, routed)           1.088    21.088    system_i/processing_system7_0/inst/FCLK_CLK_unbuffered[0]
    BUFGCTRL_X0Y16       BUFG (Prop_bufg_I_O)         0.091    21.179 r  system_i/processing_system7_0/inst/buffer_fclk_clk_0.FCLK_CLK_0_BUFG/O
                         net (fo=1456, routed)        1.529    22.708    system_i/sc_shd_axi_wrapper_0/inst/u_core/S_AXI_ACLK
    SLICE_X59Y82         FDCE                                         r  system_i/sc_shd_axi_wrapper_0/inst/u_core/output_v_sum_packed_reg[274]/C
                         clock pessimism              0.129    22.837    
                         clock uncertainty           -0.302    22.535    
    SLICE_X59Y82         FDCE (Setup_fdce_C_CE)      -0.205    22.330    system_i/sc_shd_axi_wrapper_0/inst/u_core/output_v_sum_packed_reg[274]
  -------------------------------------------------------------------
                         required time                         22.330    
                         arrival time                         -10.837    
  -------------------------------------------------------------------
                         slack                                 11.493    

Slack (MET) :             11.493ns  (required time - arrival time)
  Source:                 system_i/sc_shd_axi_wrapper_0/inst/u_core/running_reg_rep__7/C
                            (rising edge-triggered cell FDCE clocked by clk_fpga_0  {rise@0.000ns fall@10.000ns period=20.000ns})
  Destination:            system_i/sc_shd_axi_wrapper_0/inst/u_core/output_v_sum_packed_reg[275]/CE
                            (rising edge-triggered cell FDCE clocked by clk_fpga_0  {rise@0.000ns fall@10.000ns period=20.000ns})
  Path Group:             clk_fpga_0
  Path Type:              Setup (Max at Slow Process Corner)
  Requirement:            20.000ns  (clk_fpga_0 rise@20.000ns - clk_fpga_0 rise@0.000ns)
  Data Path Delay:        7.859ns  (logic 0.718ns (9.136%)  route 7.141ns (90.864%))
  Logic Levels:           1  (LUT3=1)
  Clock Path Skew:        -0.141ns (DCD - SCD + CPR)
    Destination Clock Delay (DCD):    2.708ns = ( 22.708 - 20.000 ) 
    Source Clock Delay      (SCD):    2.978ns
    Clock Pessimism Removal (CPR):    0.129ns
  Clock Uncertainty:      0.302ns  ((TSJ^2 + TIJ^2)^1/2 + DJ) / 2 + PE
    Total System Jitter     (TSJ):    0.071ns
    Total Input Jitter      (TIJ):    0.600ns
    Discrete Jitter          (DJ):    0.000ns
    Phase Error              (PE):    0.000ns

    Location             Delay type                Incr(ns)  Path(ns)    Netlist Resource(s)
  -------------------------------------------------------------------    -------------------
                         (clock clk_fpga_0 rise edge)
                                                      0.000     0.000 r  
    PS7_X0Y0             PS7                          0.000     0.000 r  system_i/processing_system7_0/inst/PS7_i/FCLKCLK[0]
                         net (fo=1, routed)           1.193     1.193    system_i/processing_system7_0/inst/FCLK_CLK_unbuffered[0]
    BUFGCTRL_X0Y16       BUFG (Prop_bufg_I_O)         0.101     1.294 r  system_i/processing_system7_0/inst/buffer_fclk_clk_0.FCLK_CLK_0_BUFG/O
                         net (fo=1456, routed)        1.684     2.978    system_i/sc_shd_axi_wrapper_0/inst/u_core/S_AXI_ACLK
    SLICE_X27Y81         FDCE                                         r  system_i/sc_shd_axi_wrapper_0/inst/u_core/running_reg_rep__7/C
  -------------------------------------------------------------------    -------------------
    SLICE_X27Y81         FDCE (Prop_fdce_C_Q)         0.419     3.397 r  system_i/sc_shd_axi_wrapper_0/inst/u_core/running_reg_rep__7/Q
                         net (fo=23, routed)          1.809     5.206    system_i/sc_shd_axi_wrapper_0/inst/u_core/running_reg_rep__7_n_0
    SLICE_X33Y73         LUT3 (Prop_lut3_I2_O)        0.299     5.505 r  system_i/sc_shd_axi_wrapper_0/inst/u_core/output_v_sum_packed[639]_i_1/O
                         net (fo=640, routed)         5.331    10.837    system_i/sc_shd_axi_wrapper_0/inst/u_core/output_v_sum_packed[639]_i_1_n_0
    SLICE_X59Y82         FDCE                                         r  system_i/sc_shd_axi_wrapper_0/inst/u_core/output_v_sum_packed_reg[275]/CE
  -------------------------------------------------------------------    -------------------

                         (clock clk_fpga_0 rise edge)
                                                     20.000    20.000 r  
    PS7_X0Y0             PS7                          0.000    20.000 r  system_i/processing_system7_0/inst/PS7_i/FCLKCLK[0]
                         net (fo=1, routed)           1.088    21.088    system_i/processing_system7_0/inst/FCLK_CLK_unbuffered[0]
    BUFGCTRL_X0Y16       BUFG (Prop_bufg_I_O)         0.091    21.179 r  system_i/processing_system7_0/inst/buffer_fclk_clk_0.FCLK_CLK_0_BUFG/O
                         net (fo=1456, routed)        1.529    22.708    system_i/sc_shd_axi_wrapper_0/inst/u_core/S_AXI_ACLK
    SLICE_X59Y82         FDCE                                         r  system_i/sc_shd_axi_wrapper_0/inst/u_core/output_v_sum_packed_reg[275]/C
                         clock pessimism              0.129    22.837    
                         clock uncertainty           -0.302    22.535    
    SLICE_X59Y82         FDCE (Setup_fdce_C_CE)      -0.205    22.330    system_i/sc_shd_axi_wrapper_0/inst/u_core/output_v_sum_packed_reg[275]
  -------------------------------------------------------------------
                         required time                         22.330    
                         arrival time                         -10.837    
  -------------------------------------------------------------------
                         slack                                 11.493    

Slack (MET) :             11.493ns  (required time - arrival time)
  Source:                 system_i/sc_shd_axi_wrapper_0/inst/u_core/running_reg_rep__7/C
                            (rising edge-triggered cell FDCE clocked by clk_fpga_0  {rise@0.000ns fall@10.000ns period=20.000ns})
  Destination:            system_i/sc_shd_axi_wrapper_0/inst/u_core/output_v_sum_packed_reg[340]/CE
                            (rising edge-triggered cell FDCE clocked by clk_fpga_0  {rise@0.000ns fall@10.000ns period=20.000ns})
  Path Group:             clk_fpga_0
  Path Type:              Setup (Max at Slow Process Corner)
  Requirement:            20.000ns  (clk_fpga_0 rise@20.000ns - clk_fpga_0 rise@0.000ns)
  Data Path Delay:        7.859ns  (logic 0.718ns (9.136%)  route 7.141ns (90.864%))
  Logic Levels:           1  (LUT3=1)
  Clock Path Skew:        -0.141ns (DCD - SCD + CPR)
    Destination Clock Delay (DCD):    2.708ns = ( 22.708 - 20.000 ) 
    Source Clock Delay      (SCD):    2.978ns
    Clock Pessimism Removal (CPR):    0.129ns
  Clock Uncertainty:      0.302ns  ((TSJ^2 + TIJ^2)^1/2 + DJ) / 2 + PE
    Total System Jitter     (TSJ):    0.071ns
    Total Input Jitter      (TIJ):    0.600ns
    Discrete Jitter          (DJ):    0.000ns
    Phase Error              (PE):    0.000ns

    Location             Delay type                Incr(ns)  Path(ns)    Netlist Resource(s)
  -------------------------------------------------------------------    -------------------
                         (clock clk_fpga_0 rise edge)
                                                      0.000     0.000 r  
    PS7_X0Y0             PS7                          0.000     0.000 r  system_i/processing_system7_0/inst/PS7_i/FCLKCLK[0]
                         net (fo=1, routed)           1.193     1.193    system_i/processing_system7_0/inst/FCLK_CLK_unbuffered[0]
    BUFGCTRL_X0Y16       BUFG (Prop_bufg_I_O)         0.101     1.294 r  system_i/processing_system7_0/inst/buffer_fclk_clk_0.FCLK_CLK_0_BUFG/O
                         net (fo=1456, routed)        1.684     2.978    system_i/sc_shd_axi_wrapper_0/inst/u_core/S_AXI_ACLK
    SLICE_X27Y81         FDCE                                         r  system_i/sc_shd_axi_wrapper_0/inst/u_core/running_reg_rep__7/C
  -------------------------------------------------------------------    -------------------
    SLICE_X27Y81         FDCE (Prop_fdce_C_Q)         0.419     3.397 r  system_i/sc_shd_axi_wrapper_0/inst/u_core/running_reg_rep__7/Q
                         net (fo=23, routed)          1.809     5.206    system_i/sc_shd_axi_wrapper_0/inst/u_core/running_reg_rep__7_n_0
    SLICE_X33Y73         LUT3 (Prop_lut3_I2_O)        0.299     5.505 r  system_i/sc_shd_axi_wrapper_0/inst/u_core/output_v_sum_packed[639]_i_1/O
                         net (fo=640, routed)         5.331    10.837    system_i/sc_shd_axi_wrapper_0/inst/u_core/output_v_sum_packed[639]_i_1_n_0
    SLICE_X59Y82         FDCE                                         r  system_i/sc_shd_axi_wrapper_0/inst/u_core/output_v_sum_packed_reg[340]/CE
  -------------------------------------------------------------------    -------------------

                         (clock clk_fpga_0 rise edge)
                                                     20.000    20.000 r  
    PS7_X0Y0             PS7                          0.000    20.000 r  system_i/processing_system7_0/inst/PS7_i/FCLKCLK[0]
                         net (fo=1, routed)           1.088    21.088    system_i/processing_system7_0/inst/FCLK_CLK_unbuffered[0]
    BUFGCTRL_X0Y16       BUFG (Prop_bufg_I_O)         0.091    21.179 r  system_i/processing_system7_0/inst/buffer_fclk_clk_0.FCLK_CLK_0_BUFG/O
                         net (fo=1456, routed)        1.529    22.708    system_i/sc_shd_axi_wrapper_0/inst/u_core/S_AXI_ACLK
    SLICE_X59Y82         FDCE                                         r  system_i/sc_shd_axi_wrapper_0/inst/u_core/output_v_sum_packed_reg[340]/C
                         clock pessimism              0.129    22.837    
                         clock uncertainty           -0.302    22.535    
    SLICE_X59Y82         FDCE (Setup_fdce_C_CE)      -0.205    22.330    system_i/sc_shd_axi_wrapper_0/inst/u_core/output_v_sum_packed_reg[340]
  -------------------------------------------------------------------
                         required time                         22.330    
                         arrival time                         -10.837    
  -------------------------------------------------------------------
                         slack                                 11.493    





Min Delay Paths
--------------------------------------------------------------------------------------
Slack (MET) :             0.027ns  (arrival time - required time)
  Source:                 system_i/axi_smc/inst/s00_entry_pipeline/s00_mmu/inst/aw_reg_stall/skid_buffer_reg[1037]/C
                            (rising edge-triggered cell FDRE clocked by clk_fpga_0  {rise@0.000ns fall@10.000ns period=20.000ns})
  Destination:            system_i/axi_smc/inst/s00_entry_pipeline/s00_mmu/inst/aw_reg_stall/m_vector_i_reg[1037]/D
                            (rising edge-triggered cell FDRE clocked by clk_fpga_0  {rise@0.000ns fall@10.000ns period=20.000ns})
  Path Group:             clk_fpga_0
  Path Type:              Hold (Min at Fast Process Corner)
  Requirement:            0.000ns  (clk_fpga_0 rise@0.000ns - clk_fpga_0 rise@0.000ns)
  Data Path Delay:        0.486ns  (logic 0.209ns (43.027%)  route 0.277ns (56.973%))
  Logic Levels:           1  (LUT3=1)
  Clock Path Skew:        0.351ns (DCD - SCD - CPR)
    Destination Clock Delay (DCD):    1.296ns
    Source Clock Delay      (SCD):    0.910ns
    Clock Pessimism Removal (CPR):    0.035ns

    Location             Delay type                Incr(ns)  Path(ns)    Netlist Resource(s)
  -------------------------------------------------------------------    -------------------
                         (clock clk_fpga_0 rise edge)
                                                      0.000     0.000 r  
    PS7_X0Y0             PS7                          0.000     0.000 r  system_i/processing_system7_0/inst/PS7_i/FCLKCLK[0]
                         net (fo=1, routed)           0.310     0.310    system_i/processing_system7_0/inst/FCLK_CLK_unbuffered[0]
    BUFGCTRL_X0Y16       BUFG (Prop_bufg_I_O)         0.026     0.336 r  system_i/processing_system7_0/inst/buffer_fclk_clk_0.FCLK_CLK_0_BUFG/O
                         net (fo=1456, routed)        0.574     0.910    system_i/axi_smc/inst/s00_entry_pipeline/s00_mmu/inst/aw_reg_stall/aclk
    SLICE_X26Y99         FDRE                                         r  system_i/axi_smc/inst/s00_entry_pipeline/s00_mmu/inst/aw_reg_stall/skid_buffer_reg[1037]/C
  -------------------------------------------------------------------    -------------------
    SLICE_X26Y99         FDRE (Prop_fdre_C_Q)         0.164     1.074 r  system_i/axi_smc/inst/s00_entry_pipeline/s00_mmu/inst/aw_reg_stall/skid_buffer_reg[1037]/Q
                         net (fo=1, routed)           0.277     1.350    system_i/axi_smc/inst/s00_entry_pipeline/s00_mmu/inst/aw_reg_stall/skid_buffer_reg_n_0_[1037]
    SLICE_X27Y100        LUT3 (Prop_lut3_I0_O)        0.045     1.395 r  system_i/axi_smc/inst/s00_entry_pipeline/s00_mmu/inst/aw_reg_stall/m_vector_i[1037]_i_1/O
                         net (fo=1, routed)           0.000     1.395    system_i/axi_smc/inst/s00_entry_pipeline/s00_mmu/inst/aw_reg_stall/m_vector_i[1037]_i_1_n_0
    SLICE_X27Y100        FDRE                                         r  system_i/axi_smc/inst/s00_entry_pipeline/s00_mmu/inst/aw_reg_stall/m_vector_i_reg[1037]/D
  -------------------------------------------------------------------    -------------------

                         (clock clk_fpga_0 rise edge)
                                                      0.000     0.000 r  
    PS7_X0Y0             PS7                          0.000     0.000 r  system_i/processing_system7_0/inst/PS7_i/FCLKCLK[0]
                         net (fo=1, routed)           0.337     0.337    system_i/processing_system7_0/inst/FCLK_CLK_unbuffered[0]
    BUFGCTRL_X0Y16       BUFG (Prop_bufg_I_O)         0.029     0.366 r  system_i/processing_system7_0/inst/buffer_fclk_clk_0.FCLK_CLK_0_BUFG/O
                         net (fo=1456, routed)        0.930     1.296    system_i/axi_smc/inst/s00_entry_pipeline/s00_mmu/inst/aw_reg_stall/aclk
    SLICE_X27Y100        FDRE                                         r  system_i/axi_smc/inst/s00_entry_pipeline/s00_mmu/inst/aw_reg_stall/m_vector_i_reg[1037]/C
                         clock pessimism             -0.035     1.261    
    SLICE_X27Y100        FDRE (Hold_fdre_C_D)         0.107     1.368    system_i/axi_smc/inst/s00_entry_pipeline/s00_mmu/inst/aw_reg_stall/m_vector_i_reg[1037]
  -------------------------------------------------------------------
                         required time                         -1.368    
                         arrival time                           1.395    
  -------------------------------------------------------------------
                         slack                                  0.027    

Slack (MET) :             0.048ns  (arrival time - required time)
  Source:                 system_i/axi_smc/inst/s00_entry_pipeline/s00_mmu/inst/aw_reg_stall/m_vector_i_reg[1034]/C
                            (rising edge-triggered cell FDRE clocked by clk_fpga_0  {rise@0.000ns fall@10.000ns period=20.000ns})
  Destination:            system_i/axi_smc/inst/s00_entry_pipeline/s00_mmu/inst/gen_endpoint.decerr_slave_inst/gen_axi.gen_write.s_axi_bid_i_reg[5]/D
                            (rising edge-triggered cell FDRE clocked by clk_fpga_0  {rise@0.000ns fall@10.000ns period=20.000ns})
  Path Group:             clk_fpga_0
  Path Type:              Hold (Min at Fast Process Corner)
  Requirement:            0.000ns  (clk_fpga_0 rise@0.000ns - clk_fpga_0 rise@0.000ns)
  Data Path Delay:        0.297ns  (logic 0.141ns (47.436%)  route 0.156ns (52.564%))
  Logic Levels:           0  
  Clock Path Skew:        0.183ns (DCD - SCD - CPR)
    Destination Clock Delay (DCD):    1.210ns
    Source Clock Delay      (SCD):    0.992ns
    Clock Pessimism Removal (CPR):    0.035ns

    Location             Delay type                Incr(ns)  Path(ns)    Netlist Resource(s)
  -------------------------------------------------------------------    -------------------
                         (clock clk_fpga_0 rise edge)
                                                      0.000     0.000 r  
    PS7_X0Y0             PS7                          0.000     0.000 r  system_i/processing_system7_0/inst/PS7_i/FCLKCLK[0]
                         net (fo=1, routed)           0.310     0.310    system_i/processing_system7_0/inst/FCLK_CLK_unbuffered[0]
    BUFGCTRL_X0Y16       BUFG (Prop_bufg_I_O)         0.026     0.336 r  system_i/processing_system7_0/inst/buffer_fclk_clk_0.FCLK_CLK_0_BUFG/O
                         net (fo=1456, routed)        0.656     0.992    system_i/axi_smc/inst/s00_entry_pipeline/s00_mmu/inst/aw_reg_stall/aclk
    SLICE_X27Y100        FDRE                                         r  system_i/axi_smc/inst/s00_entry_pipeline/s00_mmu/inst/aw_reg_stall/m_vector_i_reg[1034]/C
  -------------------------------------------------------------------    -------------------
    SLICE_X27Y100        FDRE (Prop_fdre_C_Q)         0.141     1.133 r  system_i/axi_smc/inst/s00_entry_pipeline/s00_mmu/inst/aw_reg_stall/m_vector_i_reg[1034]/Q
                         net (fo=2, routed)           0.156     1.289    system_i/axi_smc/inst/s00_entry_pipeline/s00_mmu/inst/gen_endpoint.decerr_slave_inst/m_axi_awid[5]
    SLICE_X27Y99         FDRE                                         r  system_i/axi_smc/inst/s00_entry_pipeline/s00_mmu/inst/gen_endpoint.decerr_slave_inst/gen_axi.gen_write.s_axi_bid_i_reg[5]/D
  -------------------------------------------------------------------    -------------------

                         (clock clk_fpga_0 rise edge)
                                                      0.000     0.000 r  
    PS7_X0Y0             PS7                          0.000     0.000 r  system_i/processing_system7_0/inst/PS7_i/FCLKCLK[0]
                         net (fo=1, routed)           0.337     0.337    system_i/processing_system7_0/inst/FCLK_CLK_unbuffered[0]
    BUFGCTRL_X0Y16       BUFG (Prop_bufg_I_O)         0.029     0.366 r  system_i/processing_system7_0/inst/buffer_fclk_clk_0.FCLK_CLK_0_BUFG/O
                         net (fo=1456, routed)        0.844     1.210    system_i/axi_smc/inst/s00_entry_pipeline/s00_mmu/inst/gen_endpoint.decerr_slave_inst/aclk
    SLICE_X27Y99         FDRE                                         r  system_i/axi_smc/inst/s00_entry_pipeline/s00_mmu/inst/gen_endpoint.decerr_slave_inst/gen_axi.gen_write.s_axi_bid_i_reg[5]/C
                         clock pessimism             -0.035     1.175    
    SLICE_X27Y99         FDRE (Hold_fdre_C_D)         0.066     1.241    system_i/axi_smc/inst/s00_entry_pipeline/s00_mmu/inst/gen_endpoint.decerr_slave_inst/gen_axi.gen_write.s_axi_bid_i_reg[5]
  -------------------------------------------------------------------
                         required time                         -1.241    
                         arrival time                           1.289    
  -------------------------------------------------------------------
                         slack                                  0.048    

Slack (MET) :             0.059ns  (arrival time - required time)
  Source:                 system_i/axi_smc/inst/s00_entry_pipeline/s00_mmu/inst/areset_d_reg/C
                            (rising edge-triggered cell FDRE clocked by clk_fpga_0  {rise@0.000ns fall@10.000ns period=20.000ns})
  Destination:            system_i/axi_smc/inst/s00_entry_pipeline/s00_mmu/inst/gen_endpoint.w_cnt_reg[0]/D
                            (rising edge-triggered cell FDRE clocked by clk_fpga_0  {rise@0.000ns fall@10.000ns period=20.000ns})
  Path Group:             clk_fpga_0
  Path Type:              Hold (Min at Fast Process Corner)
  Requirement:            0.000ns  (clk_fpga_0 rise@0.000ns - clk_fpga_0 rise@0.000ns)
  Data Path Delay:        0.500ns  (logic 0.186ns (37.167%)  route 0.314ns (62.833%))
  Logic Levels:           1  (LUT6=1)
  Clock Path Skew:        0.349ns (DCD - SCD - CPR)
    Destination Clock Delay (DCD):    1.297ns
    Source Clock Delay      (SCD):    0.913ns
    Clock Pessimism Removal (CPR):    0.035ns

    Location             Delay type                Incr(ns)  Path(ns)    Netlist Resource(s)
  -------------------------------------------------------------------    -------------------
                         (clock clk_fpga_0 rise edge)
                                                      0.000     0.000 r  
    PS7_X0Y0             PS7                          0.000     0.000 r  system_i/processing_system7_0/inst/PS7_i/FCLKCLK[0]
                         net (fo=1, routed)           0.310     0.310    system_i/processing_system7_0/inst/FCLK_CLK_unbuffered[0]
    BUFGCTRL_X0Y16       BUFG (Prop_bufg_I_O)         0.026     0.336 r  system_i/processing_system7_0/inst/buffer_fclk_clk_0.FCLK_CLK_0_BUFG/O
                         net (fo=1456, routed)        0.577     0.913    system_i/axi_smc/inst/s00_entry_pipeline/s00_mmu/inst/aclk
    SLICE_X28Y97         FDRE                                         r  system_i/axi_smc/inst/s00_entry_pipeline/s00_mmu/inst/areset_d_reg/C
  -------------------------------------------------------------------    -------------------
    SLICE_X28Y97         FDRE (Prop_fdre_C_Q)         0.141     1.054 f  system_i/axi_smc/inst/s00_entry_pipeline/s00_mmu/inst/areset_d_reg/Q
                         net (fo=4, routed)           0.314     1.368    system_i/axi_smc/inst/s00_entry_pipeline/s00_mmu/inst/areset_d
    SLICE_X28Y101        LUT6 (Prop_lut6_I5_O)        0.045     1.413 r  system_i/axi_smc/inst/s00_entry_pipeline/s00_mmu/inst/gen_endpoint.w_cnt[0]_i_1/O
                         net (fo=1, routed)           0.000     1.413    system_i/axi_smc/inst/s00_entry_pipeline/s00_mmu/inst/gen_endpoint.w_cnt[0]_i_1_n_0
    SLICE_X28Y101        FDRE                                         r  system_i/axi_smc/inst/s00_entry_pipeline/s00_mmu/inst/gen_endpoint.w_cnt_reg[0]/D
  -------------------------------------------------------------------    -------------------

                         (clock clk_fpga_0 rise edge)
                                                      0.000     0.000 r  
    PS7_X0Y0             PS7                          0.000     0.000 r  system_i/processing_system7_0/inst/PS7_i/FCLKCLK[0]
                         net (fo=1, routed)           0.337     0.337    system_i/processing_system7_0/inst/FCLK_CLK_unbuffered[0]
    BUFGCTRL_X0Y16       BUFG (Prop_bufg_I_O)         0.029     0.366 r  system_i/processing_system7_0/inst/buffer_fclk_clk_0.FCLK_CLK_0_BUFG/O
                         net (fo=1456, routed)        0.931     1.297    system_i/axi_smc/inst/s00_entry_pipeline/s00_mmu/inst/aclk
    SLICE_X28Y101        FDRE                                         r  system_i/axi_smc/inst/s00_entry_pipeline/s00_mmu/inst/gen_endpoint.w_cnt_reg[0]/C
                         clock pessimism             -0.035     1.262    
    SLICE_X28Y101        FDRE (Hold_fdre_C_D)         0.092     1.354    system_i/axi_smc/inst/s00_entry_pipeline/s00_mmu/inst/gen_endpoint.w_cnt_reg[0]
  -------------------------------------------------------------------
                         required time                         -1.354    
                         arrival time                           1.413    
  -------------------------------------------------------------------
                         slack                                  0.059    

Slack (MET) :             0.061ns  (arrival time - required time)
  Source:                 system_i/axi_smc/inst/s00_entry_pipeline/s00_mmu/inst/areset_d_reg/C
                            (rising edge-triggered cell FDRE clocked by clk_fpga_0  {rise@0.000ns fall@10.000ns period=20.000ns})
  Destination:            system_i/axi_smc/inst/s00_entry_pipeline/s00_mmu/inst/gen_endpoint.b_cnt_reg[0]/D
                            (rising edge-triggered cell FDRE clocked by clk_fpga_0  {rise@0.000ns fall@10.000ns period=20.000ns})
  Path Group:             clk_fpga_0
  Path Type:              Hold (Min at Fast Process Corner)
  Requirement:            0.000ns  (clk_fpga_0 rise@0.000ns - clk_fpga_0 rise@0.000ns)
  Data Path Delay:        0.501ns  (logic 0.186ns (37.093%)  route 0.315ns (62.907%))
  Logic Levels:           1  (LUT6=1)
  Clock Path Skew:        0.349ns (DCD - SCD - CPR)
    Destination Clock Delay (DCD):    1.297ns
    Source Clock Delay      (SCD):    0.913ns
    Clock Pessimism Removal (CPR):    0.035ns

    Location             Delay type                Incr(ns)  Path(ns)    Netlist Resource(s)
  -------------------------------------------------------------------    -------------------
                         (clock clk_fpga_0 rise edge)
                                                      0.000     0.000 r  
    PS7_X0Y0             PS7                          0.000     0.000 r  system_i/processing_system7_0/inst/PS7_i/FCLKCLK[0]
                         net (fo=1, routed)           0.310     0.310    system_i/processing_system7_0/inst/FCLK_CLK_unbuffered[0]
    BUFGCTRL_X0Y16       BUFG (Prop_bufg_I_O)         0.026     0.336 r  system_i/processing_system7_0/inst/buffer_fclk_clk_0.FCLK_CLK_0_BUFG/O
                         net (fo=1456, routed)        0.577     0.913    system_i/axi_smc/inst/s00_entry_pipeline/s00_mmu/inst/aclk
    SLICE_X28Y97         FDRE                                         r  system_i/axi_smc/inst/s00_entry_pipeline/s00_mmu/inst/areset_d_reg/C
  -------------------------------------------------------------------    -------------------
    SLICE_X28Y97         FDRE (Prop_fdre_C_Q)         0.141     1.054 f  system_i/axi_smc/inst/s00_entry_pipeline/s00_mmu/inst/areset_d_reg/Q
                         net (fo=4, routed)           0.315     1.369    system_i/axi_smc/inst/s00_entry_pipeline/s00_mmu/inst/areset_d
    SLICE_X28Y101        LUT6 (Prop_lut6_I5_O)        0.045     1.414 r  system_i/axi_smc/inst/s00_entry_pipeline/s00_mmu/inst/gen_endpoint.b_cnt[0]_i_1/O
                         net (fo=1, routed)           0.000     1.414    system_i/axi_smc/inst/s00_entry_pipeline/s00_mmu/inst/gen_endpoint.b_cnt[0]_i_1_n_0
    SLICE_X28Y101        FDRE                                         r  system_i/axi_smc/inst/s00_entry_pipeline/s00_mmu/inst/gen_endpoint.b_cnt_reg[0]/D
  -------------------------------------------------------------------    -------------------

                         (clock clk_fpga_0 rise edge)
                                                      0.000     0.000 r  
    PS7_X0Y0             PS7                          0.000     0.000 r  system_i/processing_system7_0/inst/PS7_i/FCLKCLK[0]
                         net (fo=1, routed)           0.337     0.337    system_i/processing_system7_0/inst/FCLK_CLK_unbuffered[0]
    BUFGCTRL_X0Y16       BUFG (Prop_bufg_I_O)         0.029     0.366 r  system_i/processing_system7_0/inst/buffer_fclk_clk_0.FCLK_CLK_0_BUFG/O
                         net (fo=1456, routed)        0.931     1.297    system_i/axi_smc/inst/s00_entry_pipeline/s00_mmu/inst/aclk
    SLICE_X28Y101        FDRE                                         r  system_i/axi_smc/inst/s00_entry_pipeline/s00_mmu/inst/gen_endpoint.b_cnt_reg[0]/C
                         clock pessimism             -0.035     1.262    
    SLICE_X28Y101        FDRE (Hold_fdre_C_D)         0.091     1.353    system_i/axi_smc/inst/s00_entry_pipeline/s00_mmu/inst/gen_endpoint.b_cnt_reg[0]
  -------------------------------------------------------------------
                         required time                         -1.353    
                         arrival time                           1.414    
  -------------------------------------------------------------------
                         slack                                  0.061    

Slack (MET) :             0.096ns  (arrival time - required time)
  Source:                 system_i/axi_smc/inst/s00_entry_pipeline/s00_mmu/inst/aw_reg_stall/m_vector_i_reg[1034]/C
                            (rising edge-triggered cell FDRE clocked by clk_fpga_0  {rise@0.000ns fall@10.000ns period=20.000ns})
  Destination:            system_i/axi_smc/inst/s00_entry_pipeline/s00_transaction_regulator/inst/gen_endpoint.gen_w_singleorder.w_singleorder/gen_id_reg.s_rid_i_reg[5]/D
                            (rising edge-triggered cell FDRE clocked by clk_fpga_0  {rise@0.000ns fall@10.000ns period=20.000ns})
  Path Group:             clk_fpga_0
  Path Type:              Hold (Min at Fast Process Corner)
  Requirement:            0.000ns  (clk_fpga_0 rise@0.000ns - clk_fpga_0 rise@0.000ns)
  Data Path Delay:        0.350ns  (logic 0.141ns (40.273%)  route 0.209ns (59.727%))
  Logic Levels:           0  
  Clock Path Skew:        0.183ns (DCD - SCD - CPR)
    Destination Clock Delay (DCD):    1.210ns
    Source Clock Delay      (SCD):    0.992ns
    Clock Pessimism Removal (CPR):    0.035ns

    Location             Delay type                Incr(ns)  Path(ns)    Netlist Resource(s)
  -------------------------------------------------------------------    -------------------
                         (clock clk_fpga_0 rise edge)
                                                      0.000     0.000 r  
    PS7_X0Y0             PS7                          0.000     0.000 r  system_i/processing_system7_0/inst/PS7_i/FCLKCLK[0]
                         net (fo=1, routed)           0.310     0.310    system_i/processing_system7_0/inst/FCLK_CLK_unbuffered[0]
    BUFGCTRL_X0Y16       BUFG (Prop_bufg_I_O)         0.026     0.336 r  system_i/processing_system7_0/inst/buffer_fclk_clk_0.FCLK_CLK_0_BUFG/O
                         net (fo=1456, routed)        0.656     0.992    system_i/axi_smc/inst/s00_entry_pipeline/s00_mmu/inst/aw_reg_stall/aclk
    SLICE_X27Y100        FDRE                                         r  system_i/axi_smc/inst/s00_entry_pipeline/s00_mmu/inst/aw_reg_stall/m_vector_i_reg[1034]/C
  -------------------------------------------------------------------    -------------------
    SLICE_X27Y100        FDRE (Prop_fdre_C_Q)         0.141     1.133 r  system_i/axi_smc/inst/s00_entry_pipeline/s00_mmu/inst/aw_reg_stall/m_vector_i_reg[1034]/Q
                         net (fo=2, routed)           0.209     1.342    system_i/axi_smc/inst/s00_entry_pipeline/s00_transaction_regulator/inst/gen_endpoint.gen_w_singleorder.w_singleorder/s_axi_awid[5]
    SLICE_X27Y98         FDRE                                         r  system_i/axi_smc/inst/s00_entry_pipeline/s00_transaction_regulator/inst/gen_endpoint.gen_w_singleorder.w_singleorder/gen_id_reg.s_rid_i_reg[5]/D
  -------------------------------------------------------------------    -------------------

                         (clock clk_fpga_0 rise edge)
                                                      0.000     0.000 r  
    PS7_X0Y0             PS7                          0.000     0.000 r  system_i/processing_system7_0/inst/PS7_i/FCLKCLK[0]
                         net (fo=1, routed)           0.337     0.337    system_i/processing_system7_0/inst/FCLK_CLK_unbuffered[0]
    BUFGCTRL_X0Y16       BUFG (Prop_bufg_I_O)         0.029     0.366 r  system_i/processing_system7_0/inst/buffer_fclk_clk_0.FCLK_CLK_0_BUFG/O
                         net (fo=1456, routed)        0.844     1.210    system_i/axi_smc/inst/s00_entry_pipeline/s00_transaction_regulator/inst/gen_endpoint.gen_w_singleorder.w_singleorder/aclk
    SLICE_X27Y98         FDRE                                         r  system_i/axi_smc/inst/s00_entry_pipeline/s00_transaction_regulator/inst/gen_endpoint.gen_w_singleorder.w_singleorder/gen_id_reg.s_rid_i_reg[5]/C
                         clock pessimism             -0.035     1.175    
    SLICE_X27Y98         FDRE (Hold_fdre_C_D)         0.071     1.246    system_i/axi_smc/inst/s00_entry_pipeline/s00_transaction_regulator/inst/gen_endpoint.gen_w_singleorder.w_singleorder/gen_id_reg.s_rid_i_reg[5]
  -------------------------------------------------------------------
                         required time                         -1.246    
                         arrival time                           1.342    
  -------------------------------------------------------------------
                         slack                                  0.096    

Slack (MET) :             0.106ns  (arrival time - required time)
  Source:                 system_i/axi_smc/inst/s00_entry_pipeline/s00_si_converter/inst/gen_axilite_conv.axilite_conv_inst/r_cnt_words_reg[0]/C
                            (rising edge-triggered cell FDRE clocked by clk_fpga_0  {rise@0.000ns fall@10.000ns period=20.000ns})
  Destination:            system_i/axi_smc/inst/s00_entry_pipeline/s00_si_converter/inst/gen_axilite_conv.axilite_conv_inst/ar_cnt_reg[0]/D
                            (rising edge-triggered cell FDRE clocked by clk_fpga_0  {rise@0.000ns fall@10.000ns period=20.000ns})
  Path Group:             clk_fpga_0
  Path Type:              Hold (Min at Fast Process Corner)
  Requirement:            0.000ns  (clk_fpga_0 rise@0.000ns - clk_fpga_0 rise@0.000ns)
  Data Path Delay:        0.240ns  (logic 0.186ns (77.466%)  route 0.054ns (22.534%))
  Logic Levels:           1  (LUT6=1)
  Clock Path Skew:        0.013ns (DCD - SCD - CPR)
    Destination Clock Delay (DCD):    1.193ns
    Source Clock Delay      (SCD):    0.896ns
    Clock Pessimism Removal (CPR):    0.284ns

    Location             Delay type                Incr(ns)  Path(ns)    Netlist Resource(s)
  -------------------------------------------------------------------    -------------------
                         (clock clk_fpga_0 rise edge)
                                                      0.000     0.000 r  
    PS7_X0Y0             PS7                          0.000     0.000 r  system_i/processing_system7_0/inst/PS7_i/FCLKCLK[0]
                         net (fo=1, routed)           0.310     0.310    system_i/processing_system7_0/inst/FCLK_CLK_unbuffered[0]
    BUFGCTRL_X0Y16       BUFG (Prop_bufg_I_O)         0.026     0.336 r  system_i/processing_system7_0/inst/buffer_fclk_clk_0.FCLK_CLK_0_BUFG/O
                         net (fo=1456, routed)        0.560     0.896    system_i/axi_smc/inst/s00_entry_pipeline/s00_si_converter/inst/gen_axilite_conv.axilite_conv_inst/aclk
    SLICE_X27Y74         FDRE                                         r  system_i/axi_smc/inst/s00_entry_pipeline/s00_si_converter/inst/gen_axilite_conv.axilite_conv_inst/r_cnt_words_reg[0]/C
  -------------------------------------------------------------------    -------------------
    SLICE_X27Y74         FDRE (Prop_fdre_C_Q)         0.141     1.037 r  system_i/axi_smc/inst/s00_entry_pipeline/s00_si_converter/inst/gen_axilite_conv.axilite_conv_inst/r_cnt_words_reg[0]/Q
                         net (fo=1, routed)           0.054     1.091    system_i/axi_smc/inst/s00_entry_pipeline/s00_si_converter/inst/gen_axilite_conv.axilite_conv_inst/r_cnt_words[0]
    SLICE_X26Y74         LUT6 (Prop_lut6_I1_O)        0.045     1.136 r  system_i/axi_smc/inst/s00_entry_pipeline/s00_si_converter/inst/gen_axilite_conv.axilite_conv_inst/ar_cnt[0]_i_1/O
                         net (fo=1, routed)           0.000     1.136    system_i/axi_smc/inst/s00_entry_pipeline/s00_si_converter/inst/gen_axilite_conv.axilite_conv_inst/ar_cnt[0]_i_1_n_0
    SLICE_X26Y74         FDRE                                         r  system_i/axi_smc/inst/s00_entry_pipeline/s00_si_converter/inst/gen_axilite_conv.axilite_conv_inst/ar_cnt_reg[0]/D
  -------------------------------------------------------------------    -------------------

                         (clock clk_fpga_0 rise edge)
                                                      0.000     0.000 r  
    PS7_X0Y0             PS7                          0.000     0.000 r  system_i/processing_system7_0/inst/PS7_i/FCLKCLK[0]
                         net (fo=1, routed)           0.337     0.337    system_i/processing_system7_0/inst/FCLK_CLK_unbuffered[0]
    BUFGCTRL_X0Y16       BUFG (Prop_bufg_I_O)         0.029     0.366 r  system_i/processing_system7_0/inst/buffer_fclk_clk_0.FCLK_CLK_0_BUFG/O
                         net (fo=1456, routed)        0.827     1.193    system_i/axi_smc/inst/s00_entry_pipeline/s00_si_converter/inst/gen_axilite_conv.axilite_conv_inst/aclk
    SLICE_X26Y74         FDRE                                         r  system_i/axi_smc/inst/s00_entry_pipeline/s00_si_converter/inst/gen_axilite_conv.axilite_conv_inst/ar_cnt_reg[0]/C
                         clock pessimism             -0.284     0.909    
    SLICE_X26Y74         FDRE (Hold_fdre_C_D)         0.121     1.030    system_i/axi_smc/inst/s00_entry_pipeline/s00_si_converter/inst/gen_axilite_conv.axilite_conv_inst/ar_cnt_reg[0]
  -------------------------------------------------------------------
                         required time                         -1.030    
                         arrival time                           1.136    
  -------------------------------------------------------------------
                         slack                                  0.106    

Slack (MET) :             0.111ns  (arrival time - required time)
  Source:                 system_i/axi_smc/inst/s00_entry_pipeline/s00_mmu/inst/aw_reg_stall/skid_buffer_reg[1035]/C
                            (rising edge-triggered cell FDRE clocked by clk_fpga_0  {rise@0.000ns fall@10.000ns period=20.000ns})
  Destination:            system_i/axi_smc/inst/s00_entry_pipeline/s00_mmu/inst/aw_reg_stall/m_vector_i_reg[1035]/D
                            (rising edge-triggered cell FDRE clocked by clk_fpga_0  {rise@0.000ns fall@10.000ns period=20.000ns})
  Path Group:             clk_fpga_0
  Path Type:              Hold (Min at Fast Process Corner)
  Requirement:            0.000ns  (clk_fpga_0 rise@0.000ns - clk_fpga_0 rise@0.000ns)
  Data Path Delay:        0.569ns  (logic 0.208ns (36.548%)  route 0.361ns (63.452%))
  Logic Levels:           1  (LUT3=1)
  Clock Path Skew:        0.351ns (DCD - SCD - CPR)
    Destination Clock Delay (DCD):    1.296ns
    Source Clock Delay      (SCD):    0.910ns
    Clock Pessimism Removal (CPR):    0.035ns

    Location             Delay type                Incr(ns)  Path(ns)    Netlist Resource(s)
  -------------------------------------------------------------------    -------------------
                         (clock clk_fpga_0 rise edge)
                                                      0.000     0.000 r  
    PS7_X0Y0             PS7                          0.000     0.000 r  system_i/processing_system7_0/inst/PS7_i/FCLKCLK[0]
                         net (fo=1, routed)           0.310     0.310    system_i/processing_system7_0/inst/FCLK_CLK_unbuffered[0]
    BUFGCTRL_X0Y16       BUFG (Prop_bufg_I_O)         0.026     0.336 r  system_i/processing_system7_0/inst/buffer_fclk_clk_0.FCLK_CLK_0_BUFG/O
                         net (fo=1456, routed)        0.574     0.910    system_i/axi_smc/inst/s00_entry_pipeline/s00_mmu/inst/aw_reg_stall/aclk
    SLICE_X26Y99         FDRE                                         r  system_i/axi_smc/inst/s00_entry_pipeline/s00_mmu/inst/aw_reg_stall/skid_buffer_reg[1035]/C
  -------------------------------------------------------------------    -------------------
    SLICE_X26Y99         FDRE (Prop_fdre_C_Q)         0.164     1.074 r  system_i/axi_smc/inst/s00_entry_pipeline/s00_mmu/inst/aw_reg_stall/skid_buffer_reg[1035]/Q
                         net (fo=1, routed)           0.361     1.435    system_i/axi_smc/inst/s00_entry_pipeline/s00_mmu/inst/aw_reg_stall/skid_buffer_reg_n_0_[1035]
    SLICE_X27Y100        LUT3 (Prop_lut3_I0_O)        0.044     1.479 r  system_i/axi_smc/inst/s00_entry_pipeline/s00_mmu/inst/aw_reg_stall/m_vector_i[1035]_i_1/O
                         net (fo=1, routed)           0.000     1.479    system_i/axi_smc/inst/s00_entry_pipeline/s00_mmu/inst/aw_reg_stall/m_vector_i[1035]_i_1_n_0
    SLICE_X27Y100        FDRE                                         r  system_i/axi_smc/inst/s00_entry_pipeline/s00_mmu/inst/aw_reg_stall/m_vector_i_reg[1035]/D
  -------------------------------------------------------------------    -------------------

                         (clock clk_fpga_0 rise edge)
                                                      0.000     0.000 r  
    PS7_X0Y0             PS7                          0.000     0.000 r  system_i/processing_system7_0/inst/PS7_i/FCLKCLK[0]
                         net (fo=1, routed)           0.337     0.337    system_i/processing_system7_0/inst/FCLK_CLK_unbuffered[0]
    BUFGCTRL_X0Y16       BUFG (Prop_bufg_I_O)         0.029     0.366 r  system_i/processing_system7_0/inst/buffer_fclk_clk_0.FCLK_CLK_0_BUFG/O
                         net (fo=1456, routed)        0.930     1.296    system_i/axi_smc/inst/s00_entry_pipeline/s00_mmu/inst/aw_reg_stall/aclk
    SLICE_X27Y100        FDRE                                         r  system_i/axi_smc/inst/s00_entry_pipeline/s00_mmu/inst/aw_reg_stall/m_vector_i_reg[1035]/C
                         clock pessimism             -0.035     1.261    
    SLICE_X27Y100        FDRE (Hold_fdre_C_D)         0.107     1.368    system_i/axi_smc/inst/s00_entry_pipeline/s00_mmu/inst/aw_reg_stall/m_vector_i_reg[1035]
  -------------------------------------------------------------------
                         required time                         -1.368    
                         arrival time                           1.479    
  -------------------------------------------------------------------
                         slack                                  0.111    

Slack (MET) :             0.117ns  (arrival time - required time)
  Source:                 system_i/axi_smc/inst/s00_entry_pipeline/s00_mmu/inst/aw_reg_stall/m_vector_i_reg[1037]/C
                            (rising edge-triggered cell FDRE clocked by clk_fpga_0  {rise@0.000ns fall@10.000ns period=20.000ns})
  Destination:            system_i/axi_smc/inst/s00_entry_pipeline/s00_mmu/inst/gen_endpoint.decerr_slave_inst/gen_axi.gen_write.s_axi_bid_i_reg[8]/D
                            (rising edge-triggered cell FDRE clocked by clk_fpga_0  {rise@0.000ns fall@10.000ns period=20.000ns})
  Path Group:             clk_fpga_0
  Path Type:              Hold (Min at Fast Process Corner)
  Requirement:            0.000ns  (clk_fpga_0 rise@0.000ns - clk_fpga_0 rise@0.000ns)
  Data Path Delay:        0.317ns  (logic 0.128ns (40.381%)  route 0.189ns (59.619%))
  Logic Levels:           0  
  Clock Path Skew:        0.183ns (DCD - SCD - CPR)
    Destination Clock Delay (DCD):    1.210ns
    Source Clock Delay      (SCD):    0.992ns
    Clock Pessimism Removal (CPR):    0.035ns

    Location             Delay type                Incr(ns)  Path(ns)    Netlist Resource(s)
  -------------------------------------------------------------------    -------------------
                         (clock clk_fpga_0 rise edge)
                                                      0.000     0.000 r  
    PS7_X0Y0             PS7                          0.000     0.000 r  system_i/processing_system7_0/inst/PS7_i/FCLKCLK[0]
                         net (fo=1, routed)           0.310     0.310    system_i/processing_system7_0/inst/FCLK_CLK_unbuffered[0]
    BUFGCTRL_X0Y16       BUFG (Prop_bufg_I_O)         0.026     0.336 r  system_i/processing_system7_0/inst/buffer_fclk_clk_0.FCLK_CLK_0_BUFG/O
                         net (fo=1456, routed)        0.656     0.992    system_i/axi_smc/inst/s00_entry_pipeline/s00_mmu/inst/aw_reg_stall/aclk
    SLICE_X27Y100        FDRE                                         r  system_i/axi_smc/inst/s00_entry_pipeline/s00_mmu/inst/aw_reg_stall/m_vector_i_reg[1037]/C
  -------------------------------------------------------------------    -------------------
    SLICE_X27Y100        FDRE (Prop_fdre_C_Q)         0.128     1.120 r  system_i/axi_smc/inst/s00_entry_pipeline/s00_mmu/inst/aw_reg_stall/m_vector_i_reg[1037]/Q
                         net (fo=2, routed)           0.189     1.309    system_i/axi_smc/inst/s00_entry_pipeline/s00_mmu/inst/gen_endpoint.decerr_slave_inst/m_axi_awid[8]
    SLICE_X27Y99         FDRE                                         r  system_i/axi_smc/inst/s00_entry_pipeline/s00_mmu/inst/gen_endpoint.decerr_slave_inst/gen_axi.gen_write.s_axi_bid_i_reg[8]/D
  -------------------------------------------------------------------    -------------------

                         (clock clk_fpga_0 rise edge)
                                                      0.000     0.000 r  
    PS7_X0Y0             PS7                          0.000     0.000 r  system_i/processing_system7_0/inst/PS7_i/FCLKCLK[0]
                         net (fo=1, routed)           0.337     0.337    system_i/processing_system7_0/inst/FCLK_CLK_unbuffered[0]
    BUFGCTRL_X0Y16       BUFG (Prop_bufg_I_O)         0.029     0.366 r  system_i/processing_system7_0/inst/buffer_fclk_clk_0.FCLK_CLK_0_BUFG/O
                         net (fo=1456, routed)        0.844     1.210    system_i/axi_smc/inst/s00_entry_pipeline/s00_mmu/inst/gen_endpoint.decerr_slave_inst/aclk
    SLICE_X27Y99         FDRE                                         r  system_i/axi_smc/inst/s00_entry_pipeline/s00_mmu/inst/gen_endpoint.decerr_slave_inst/gen_axi.gen_write.s_axi_bid_i_reg[8]/C
                         clock pessimism             -0.035     1.175    
    SLICE_X27Y99         FDRE (Hold_fdre_C_D)         0.017     1.192    system_i/axi_smc/inst/s00_entry_pipeline/s00_mmu/inst/gen_endpoint.decerr_slave_inst/gen_axi.gen_write.s_axi_bid_i_reg[8]
  -------------------------------------------------------------------
                         required time                         -1.192    
                         arrival time                           1.309    
  -------------------------------------------------------------------
                         slack                                  0.117    

Slack (MET) :             0.120ns  (arrival time - required time)
  Source:                 system_i/sc_shd_axi_wrapper_0/inst/u_core/running_reg_rep__3/C
                            (rising edge-triggered cell FDCE clocked by clk_fpga_0  {rise@0.000ns fall@10.000ns period=20.000ns})
  Destination:            system_i/sc_shd_axi_wrapper_0/inst/u_core/output_v_sum_packed_reg[367]/D
                            (rising edge-triggered cell FDCE clocked by clk_fpga_0  {rise@0.000ns fall@10.000ns period=20.000ns})
  Path Group:             clk_fpga_0
  Path Type:              Hold (Min at Fast Process Corner)
  Requirement:            0.000ns  (clk_fpga_0 rise@0.000ns - clk_fpga_0 rise@0.000ns)
  Data Path Delay:        0.494ns  (logic 0.209ns (42.334%)  route 0.285ns (57.666%))
  Logic Levels:           1  (LUT3=1)
  Clock Path Skew:        0.266ns (DCD - SCD - CPR)
    Destination Clock Delay (DCD):    1.179ns
    Source Clock Delay      (SCD):    0.878ns
    Clock Pessimism Removal (CPR):    0.035ns

    Location             Delay type                Incr(ns)  Path(ns)    Netlist Resource(s)
  -------------------------------------------------------------------    -------------------
                         (clock clk_fpga_0 rise edge)
                                                      0.000     0.000 r  
    PS7_X0Y0             PS7                          0.000     0.000 r  system_i/processing_system7_0/inst/PS7_i/FCLKCLK[0]
                         net (fo=1, routed)           0.310     0.310    system_i/processing_system7_0/inst/FCLK_CLK_unbuffered[0]
    BUFGCTRL_X0Y16       BUFG (Prop_bufg_I_O)         0.026     0.336 r  system_i/processing_system7_0/inst/buffer_fclk_clk_0.FCLK_CLK_0_BUFG/O
                         net (fo=1456, routed)        0.542     0.878    system_i/sc_shd_axi_wrapper_0/inst/u_core/S_AXI_ACLK
    SLICE_X50Y78         FDCE                                         r  system_i/sc_shd_axi_wrapper_0/inst/u_core/running_reg_rep__3/C
  -------------------------------------------------------------------    -------------------
    SLICE_X50Y78         FDCE (Prop_fdce_C_Q)         0.164     1.042 r  system_i/sc_shd_axi_wrapper_0/inst/u_core/running_reg_rep__3/Q
                         net (fo=64, routed)          0.285     1.326    system_i/sc_shd_axi_wrapper_0/inst/u_core/dense3/output_v_sum_packed_reg[495]
    SLICE_X49Y79         LUT3 (Prop_lut3_I1_O)        0.045     1.371 r  system_i/sc_shd_axi_wrapper_0/inst/u_core/dense3/output_v_sum_packed[367]_i_1/O
                         net (fo=1, routed)           0.000     1.371    system_i/sc_shd_axi_wrapper_0/inst/u_core/dense3_n_272
    SLICE_X49Y79         FDCE                                         r  system_i/sc_shd_axi_wrapper_0/inst/u_core/output_v_sum_packed_reg[367]/D
  -------------------------------------------------------------------    -------------------

                         (clock clk_fpga_0 rise edge)
                                                      0.000     0.000 r  
    PS7_X0Y0             PS7                          0.000     0.000 r  system_i/processing_system7_0/inst/PS7_i/FCLKCLK[0]
                         net (fo=1, routed)           0.337     0.337    system_i/processing_system7_0/inst/FCLK_CLK_unbuffered[0]
    BUFGCTRL_X0Y16       BUFG (Prop_bufg_I_O)         0.029     0.366 r  system_i/processing_system7_0/inst/buffer_fclk_clk_0.FCLK_CLK_0_BUFG/O
                         net (fo=1456, routed)        0.813     1.179    system_i/sc_shd_axi_wrapper_0/inst/u_core/S_AXI_ACLK
    SLICE_X49Y79         FDCE                                         r  system_i/sc_shd_axi_wrapper_0/inst/u_core/output_v_sum_packed_reg[367]/C
                         clock pessimism             -0.035     1.144    
    SLICE_X49Y79         FDCE (Hold_fdce_C_D)         0.107     1.251    system_i/sc_shd_axi_wrapper_0/inst/u_core/output_v_sum_packed_reg[367]
  -------------------------------------------------------------------
                         required time                         -1.251    
                         arrival time                           1.371    
  -------------------------------------------------------------------
                         slack                                  0.120    

Slack (MET) :             0.121ns  (arrival time - required time)
  Source:                 system_i/sc_shd_axi_wrapper_0/inst/u_core/running_reg_rep__3/C
                            (rising edge-triggered cell FDCE clocked by clk_fpga_0  {rise@0.000ns fall@10.000ns period=20.000ns})
  Destination:            system_i/sc_shd_axi_wrapper_0/inst/u_core/output_v_sum_packed_reg[365]/D
                            (rising edge-triggered cell FDCE clocked by clk_fpga_0  {rise@0.000ns fall@10.000ns period=20.000ns})
  Path Group:             clk_fpga_0
  Path Type:              Hold (Min at Fast Process Corner)
  Requirement:            0.000ns  (clk_fpga_0 rise@0.000ns - clk_fpga_0 rise@0.000ns)
  Data Path Delay:        0.495ns  (logic 0.210ns (42.450%)  route 0.285ns (57.550%))
  Logic Levels:           1  (LUT3=1)
  Clock Path Skew:        0.266ns (DCD - SCD - CPR)
    Destination Clock Delay (DCD):    1.179ns
    Source Clock Delay      (SCD):    0.878ns
    Clock Pessimism Removal (CPR):    0.035ns

    Location             Delay type                Incr(ns)  Path(ns)    Netlist Resource(s)
  -------------------------------------------------------------------    -------------------
                         (clock clk_fpga_0 rise edge)
                                                      0.000     0.000 r  
    PS7_X0Y0             PS7                          0.000     0.000 r  system_i/processing_system7_0/inst/PS7_i/FCLKCLK[0]
                         net (fo=1, routed)           0.310     0.310    system_i/processing_system7_0/inst/FCLK_CLK_unbuffered[0]
    BUFGCTRL_X0Y16       BUFG (Prop_bufg_I_O)         0.026     0.336 r  system_i/processing_system7_0/inst/buffer_fclk_clk_0.FCLK_CLK_0_BUFG/O
                         net (fo=1456, routed)        0.542     0.878    system_i/sc_shd_axi_wrapper_0/inst/u_core/S_AXI_ACLK
    SLICE_X50Y78         FDCE                                         r  system_i/sc_shd_axi_wrapper_0/inst/u_core/running_reg_rep__3/C
  -------------------------------------------------------------------    -------------------
    SLICE_X50Y78         FDCE (Prop_fdce_C_Q)         0.164     1.042 r  system_i/sc_shd_axi_wrapper_0/inst/u_core/running_reg_rep__3/Q
                         net (fo=64, routed)          0.285     1.326    system_i/sc_shd_axi_wrapper_0/inst/u_core/dense3/output_v_sum_packed_reg[495]
    SLICE_X49Y79         LUT3 (Prop_lut3_I1_O)        0.046     1.372 r  system_i/sc_shd_axi_wrapper_0/inst/u_core/dense3/output_v_sum_packed[365]_i_1/O
                         net (fo=1, routed)           0.000     1.372    system_i/sc_shd_axi_wrapper_0/inst/u_core/dense3_n_274
    SLICE_X49Y79         FDCE                                         r  system_i/sc_shd_axi_wrapper_0/inst/u_core/output_v_sum_packed_reg[365]/D
  -------------------------------------------------------------------    -------------------

                         (clock clk_fpga_0 rise edge)
                                                      0.000     0.000 r  
    PS7_X0Y0             PS7                          0.000     0.000 r  system_i/processing_system7_0/inst/PS7_i/FCLKCLK[0]
                         net (fo=1, routed)           0.337     0.337    system_i/processing_system7_0/inst/FCLK_CLK_unbuffered[0]
    BUFGCTRL_X0Y16       BUFG (Prop_bufg_I_O)         0.029     0.366 r  system_i/processing_system7_0/inst/buffer_fclk_clk_0.FCLK_CLK_0_BUFG/O
                         net (fo=1456, routed)        0.813     1.179    system_i/sc_shd_axi_wrapper_0/inst/u_core/S_AXI_ACLK
    SLICE_X49Y79         FDCE                                         r  system_i/sc_shd_axi_wrapper_0/inst/u_core/output_v_sum_packed_reg[365]/C
                         clock pessimism             -0.035     1.144    
    SLICE_X49Y79         FDCE (Hold_fdce_C_D)         0.107     1.251    system_i/sc_shd_axi_wrapper_0/inst/u_core/output_v_sum_packed_reg[365]
  -------------------------------------------------------------------
                         required time                         -1.251    
                         arrival time                           1.372    
  -------------------------------------------------------------------
                         slack                                  0.121    





Pulse Width Checks
--------------------------------------------------------------------------------------
Clock Name:         clk_fpga_0
Waveform(ns):       { 0.000 10.000 }
Period(ns):         20.000
Sources:            { system_i/processing_system7_0/inst/PS7_i/FCLKCLK[0] }

Check Type        Corner  Lib Pin     Reference Pin  Required(ns)  Actual(ns)  Slack(ns)  Location        Pin
Min Period        n/a     BUFG/I      n/a            2.155         20.000      17.845     BUFGCTRL_X0Y16  system_i/processing_system7_0/inst/buffer_fclk_clk_0.FCLK_CLK_0_BUFG/I
Min Period        n/a     FDRE/C      n/a            1.000         20.000      19.000     SLICE_X44Y68    system_i/axi_smc/inst/clk_map/psr_aclk/U0/ACTIVE_LOW_BSR_OUT_DFF[0].FDRE_BSR_N/C
Min Period        n/a     FDRE/C      n/a            1.000         20.000      19.000     SLICE_X49Y68    system_i/axi_smc/inst/clk_map/psr_aclk/U0/EXT_LPF/EXT_LPF[1].exr_lpf_reg[1]/C
Min Period        n/a     FDRE/C      n/a            1.000         20.000      19.000     SLICE_X49Y68    system_i/axi_smc/inst/clk_map/psr_aclk/U0/EXT_LPF/EXT_LPF[2].exr_lpf_reg[2]/C
Min Period        n/a     FDRE/C      n/a            1.000         20.000      19.000     SLICE_X49Y68    system_i/axi_smc/inst/clk_map/psr_aclk/U0/EXT_LPF/EXT_LPF[3].exr_lpf_reg[3]/C
Min Period        n/a     FDRE/C      n/a            1.000         20.000      19.000     SLICE_X46Y69    system_i/axi_smc/inst/clk_map/psr_aclk/U0/EXT_LPF/lpf_asr_reg/C
Min Period        n/a     FDRE/C      n/a            1.000         20.000      19.000     SLICE_X48Y68    system_i/axi_smc/inst/clk_map/psr_aclk/U0/EXT_LPF/lpf_exr_reg/C
Min Period        n/a     FDRE/C      n/a            1.000         20.000      19.000     SLICE_X47Y68    system_i/axi_smc/inst/clk_map/psr_aclk/U0/EXT_LPF/lpf_int_reg/C
Min Period        n/a     FDRE/C      n/a            1.000         20.000      19.000     SLICE_X47Y69    system_i/axi_smc/inst/clk_map/psr_aclk/U0/EXT_LPF/ACTIVE_LOW_AUX.ACT_LO_AUX/syncstages_ff_reg[0]/C
Min Period        n/a     FDRE/C      n/a            1.000         20.000      19.000     SLICE_X47Y69    system_i/axi_smc/inst/clk_map/psr_aclk/U0/EXT_LPF/ACTIVE_LOW_AUX.ACT_LO_AUX/syncstages_ff_reg[1]/C
Low Pulse Width   Slow    SRL16E/CLK  n/a            0.980         10.000      9.020      SLICE_X46Y68    system_i/axi_smc/inst/clk_map/psr_aclk/U0/EXT_LPF/POR_SRL_I/CLK
Low Pulse Width   Fast    SRL16E/CLK  n/a            0.980         10.000      9.020      SLICE_X46Y68    system_i/axi_smc/inst/clk_map/psr_aclk/U0/EXT_LPF/POR_SRL_I/CLK
Low Pulse Width   Slow    SRL16E/CLK  n/a            0.980         10.000      9.020      SLICE_X46Y68    system_i/rst_ps7_0_50M/U0/EXT_LPF/POR_SRL_I/CLK
Low Pulse Width   Fast    SRL16E/CLK  n/a            0.980         10.000      9.020      SLICE_X46Y68    system_i/rst_ps7_0_50M/U0/EXT_LPF/POR_SRL_I/CLK
Low Pulse Width   Slow    FDRE/C      n/a            0.500         10.000      9.500      SLICE_X44Y68    system_i/axi_smc/inst/clk_map/psr_aclk/U0/ACTIVE_LOW_BSR_OUT_DFF[0].FDRE_BSR_N/C
Low Pulse Width   Fast    FDRE/C      n/a            0.500         10.000      9.500      SLICE_X44Y68    system_i/axi_smc/inst/clk_map/psr_aclk/U0/ACTIVE_LOW_BSR_OUT_DFF[0].FDRE_BSR_N/C
Low Pulse Width   Slow    FDRE/C      n/a            0.500         10.000      9.500      SLICE_X49Y68    system_i/axi_smc/inst/clk_map/psr_aclk/U0/EXT_LPF/EXT_LPF[1].exr_lpf_reg[1]/C
Low Pulse Width   Fast    FDRE/C      n/a            0.500         10.000      9.500      SLICE_X49Y68    system_i/axi_smc/inst/clk_map/psr_aclk/U0/EXT_LPF/EXT_LPF[1].exr_lpf_reg[1]/C
Low Pulse Width   Slow    FDRE/C      n/a            0.500         10.000      9.500      SLICE_X49Y68    system_i/axi_smc/inst/clk_map/psr_aclk/U0/EXT_LPF/EXT_LPF[2].exr_lpf_reg[2]/C
Low Pulse Width   Fast    FDRE/C      n/a            0.500         10.000      9.500      SLICE_X49Y68    system_i/axi_smc/inst/clk_map/psr_aclk/U0/EXT_LPF/EXT_LPF[2].exr_lpf_reg[2]/C
High Pulse Width  Slow    SRL16E/CLK  n/a            0.980         10.000      9.020      SLICE_X46Y68    system_i/axi_smc/inst/clk_map/psr_aclk/U0/EXT_LPF/POR_SRL_I/CLK
High Pulse Width  Fast    SRL16E/CLK  n/a            0.980         10.000      9.020      SLICE_X46Y68    system_i/axi_smc/inst/clk_map/psr_aclk/U0/EXT_LPF/POR_SRL_I/CLK
High Pulse Width  Slow    SRL16E/CLK  n/a            0.980         10.000      9.020      SLICE_X46Y68    system_i/rst_ps7_0_50M/U0/EXT_LPF/POR_SRL_I/CLK
High Pulse Width  Fast    SRL16E/CLK  n/a            0.980         10.000      9.020      SLICE_X46Y68    system_i/rst_ps7_0_50M/U0/EXT_LPF/POR_SRL_I/CLK
High Pulse Width  Slow    FDRE/C      n/a            0.500         10.000      9.500      SLICE_X44Y68    system_i/axi_smc/inst/clk_map/psr_aclk/U0/ACTIVE_LOW_BSR_OUT_DFF[0].FDRE_BSR_N/C
High Pulse Width  Fast    FDRE/C      n/a            0.500         10.000      9.500      SLICE_X44Y68    system_i/axi_smc/inst/clk_map/psr_aclk/U0/ACTIVE_LOW_BSR_OUT_DFF[0].FDRE_BSR_N/C
High Pulse Width  Slow    FDRE/C      n/a            0.500         10.000      9.500      SLICE_X49Y68    system_i/axi_smc/inst/clk_map/psr_aclk/U0/EXT_LPF/EXT_LPF[1].exr_lpf_reg[1]/C
High Pulse Width  Fast    FDRE/C      n/a            0.500         10.000      9.500      SLICE_X49Y68    system_i/axi_smc/inst/clk_map/psr_aclk/U0/EXT_LPF/EXT_LPF[1].exr_lpf_reg[1]/C
High Pulse Width  Slow    FDRE/C      n/a            0.500         10.000      9.500      SLICE_X49Y68    system_i/axi_smc/inst/clk_map/psr_aclk/U0/EXT_LPF/EXT_LPF[2].exr_lpf_reg[2]/C
High Pulse Width  Fast    FDRE/C      n/a            0.500         10.000      9.500      SLICE_X49Y68    system_i/axi_smc/inst/clk_map/psr_aclk/U0/EXT_LPF/EXT_LPF[2].exr_lpf_reg[2]/C



---------------------------------------------------------------------------------------------------
Path Group:  **async_default**
From Clock:  clk_fpga_0
  To Clock:  clk_fpga_0

Setup :            0  Failing Endpoints,  Worst Slack       12.158ns,  Total Violation        0.000ns
Hold  :            0  Failing Endpoints,  Worst Slack        0.783ns,  Total Violation        0.000ns
---------------------------------------------------------------------------------------------------


Max Delay Paths
--------------------------------------------------------------------------------------
Slack (MET) :             12.158ns  (required time - arrival time)
  Source:                 system_i/rst_ps7_0_50M/U0/ACTIVE_LOW_PR_OUT_DFF[0].FDRE_PER_N/C
                            (rising edge-triggered cell FDRE clocked by clk_fpga_0  {rise@0.000ns fall@10.000ns period=20.000ns})
  Destination:            system_i/sc_shd_axi_wrapper_0/inst/u_core/output_v_sum_packed_reg[290]/CLR
                            (recovery check against rising-edge clock clk_fpga_0  {rise@0.000ns fall@10.000ns period=20.000ns})
  Path Group:             **async_default**
  Path Type:              Recovery (Max at Slow Process Corner)
  Requirement:            20.000ns  (clk_fpga_0 rise@20.000ns - clk_fpga_0 rise@0.000ns)
  Data Path Delay:        7.033ns  (logic 0.580ns (8.247%)  route 6.453ns (91.753%))
  Logic Levels:           1  (LUT1=1)
  Clock Path Skew:        -0.101ns (DCD - SCD + CPR)
    Destination Clock Delay (DCD):    2.701ns = ( 22.701 - 20.000 ) 
    Source Clock Delay      (SCD):    2.931ns
    Clock Pessimism Removal (CPR):    0.129ns
  Clock Uncertainty:      0.302ns  ((TSJ^2 + TIJ^2)^1/2 + DJ) / 2 + PE
    Total System Jitter     (TSJ):    0.071ns
    Total Input Jitter      (TIJ):    0.600ns
    Discrete Jitter          (DJ):    0.000ns
    Phase Error              (PE):    0.000ns

    Location             Delay type                Incr(ns)  Path(ns)    Netlist Resource(s)
  -------------------------------------------------------------------    -------------------
                         (clock clk_fpga_0 rise edge)
                                                      0.000     0.000 r  
    PS7_X0Y0             PS7                          0.000     0.000 r  system_i/processing_system7_0/inst/PS7_i/FCLKCLK[0]
                         net (fo=1, routed)           1.193     1.193    system_i/processing_system7_0/inst/FCLK_CLK_unbuffered[0]
    BUFGCTRL_X0Y16       BUFG (Prop_bufg_I_O)         0.101     1.294 r  system_i/processing_system7_0/inst/buffer_fclk_clk_0.FCLK_CLK_0_BUFG/O
                         net (fo=1456, routed)        1.637     2.931    system_i/rst_ps7_0_50M/U0/slowest_sync_clk
    SLICE_X48Y70         FDRE                                         r  system_i/rst_ps7_0_50M/U0/ACTIVE_LOW_PR_OUT_DFF[0].FDRE_PER_N/C
  -------------------------------------------------------------------    -------------------
    SLICE_X48Y70         FDRE (Prop_fdre_C_Q)         0.456     3.387 r  system_i/rst_ps7_0_50M/U0/ACTIVE_LOW_PR_OUT_DFF[0].FDRE_PER_N/Q
                         net (fo=13, routed)          0.603     3.990    system_i/sc_shd_axi_wrapper_0/inst/u_core/dense3/S_AXI_ARESETN
    SLICE_X47Y70         LUT1 (Prop_lut1_I0_O)        0.124     4.114 f  system_i/sc_shd_axi_wrapper_0/inst/u_core/dense3/axi_awready_i_1/O
                         net (fo=833, routed)         5.851     9.964    system_i/sc_shd_axi_wrapper_0/inst/u_core/p_0_in__0
    SLICE_X55Y77         FDCE                                         f  system_i/sc_shd_axi_wrapper_0/inst/u_core/output_v_sum_packed_reg[290]/CLR
  -------------------------------------------------------------------    -------------------

                         (clock clk_fpga_0 rise edge)
                                                     20.000    20.000 r  
    PS7_X0Y0             PS7                          0.000    20.000 r  system_i/processing_system7_0/inst/PS7_i/FCLKCLK[0]
                         net (fo=1, routed)           1.088    21.088    system_i/processing_system7_0/inst/FCLK_CLK_unbuffered[0]
    BUFGCTRL_X0Y16       BUFG (Prop_bufg_I_O)         0.091    21.179 r  system_i/processing_system7_0/inst/buffer_fclk_clk_0.FCLK_CLK_0_BUFG/O
                         net (fo=1456, routed)        1.522    22.701    system_i/sc_shd_axi_wrapper_0/inst/u_core/S_AXI_ACLK
    SLICE_X55Y77         FDCE                                         r  system_i/sc_shd_axi_wrapper_0/inst/u_core/output_v_sum_packed_reg[290]/C
                         clock pessimism              0.129    22.830    
                         clock uncertainty           -0.302    22.528    
    SLICE_X55Y77         FDCE (Recov_fdce_C_CLR)     -0.405    22.123    system_i/sc_shd_axi_wrapper_0/inst/u_core/output_v_sum_packed_reg[290]
  -------------------------------------------------------------------
                         required time                         22.123    
                         arrival time                          -9.964    
  -------------------------------------------------------------------
                         slack                                 12.158    

Slack (MET) :             12.158ns  (required time - arrival time)
  Source:                 system_i/rst_ps7_0_50M/U0/ACTIVE_LOW_PR_OUT_DFF[0].FDRE_PER_N/C
                            (rising edge-triggered cell FDRE clocked by clk_fpga_0  {rise@0.000ns fall@10.000ns period=20.000ns})
  Destination:            system_i/sc_shd_axi_wrapper_0/inst/u_core/output_v_sum_packed_reg[291]/CLR
                            (recovery check against rising-edge clock clk_fpga_0  {rise@0.000ns fall@10.000ns period=20.000ns})
  Path Group:             **async_default**
  Path Type:              Recovery (Max at Slow Process Corner)
  Requirement:            20.000ns  (clk_fpga_0 rise@20.000ns - clk_fpga_0 rise@0.000ns)
  Data Path Delay:        7.033ns  (logic 0.580ns (8.247%)  route 6.453ns (91.753%))
  Logic Levels:           1  (LUT1=1)
  Clock Path Skew:        -0.101ns (DCD - SCD + CPR)
    Destination Clock Delay (DCD):    2.701ns = ( 22.701 - 20.000 ) 
    Source Clock Delay      (SCD):    2.931ns
    Clock Pessimism Removal (CPR):    0.129ns
  Clock Uncertainty:      0.302ns  ((TSJ^2 + TIJ^2)^1/2 + DJ) / 2 + PE
    Total System Jitter     (TSJ):    0.071ns
    Total Input Jitter      (TIJ):    0.600ns
    Discrete Jitter          (DJ):    0.000ns
    Phase Error              (PE):    0.000ns

    Location             Delay type                Incr(ns)  Path(ns)    Netlist Resource(s)
  -------------------------------------------------------------------    -------------------
                         (clock clk_fpga_0 rise edge)
                                                      0.000     0.000 r  
    PS7_X0Y0             PS7                          0.000     0.000 r  system_i/processing_system7_0/inst/PS7_i/FCLKCLK[0]
                         net (fo=1, routed)           1.193     1.193    system_i/processing_system7_0/inst/FCLK_CLK_unbuffered[0]
    BUFGCTRL_X0Y16       BUFG (Prop_bufg_I_O)         0.101     1.294 r  system_i/processing_system7_0/inst/buffer_fclk_clk_0.FCLK_CLK_0_BUFG/O
                         net (fo=1456, routed)        1.637     2.931    system_i/rst_ps7_0_50M/U0/slowest_sync_clk
    SLICE_X48Y70         FDRE                                         r  system_i/rst_ps7_0_50M/U0/ACTIVE_LOW_PR_OUT_DFF[0].FDRE_PER_N/C
  -------------------------------------------------------------------    -------------------
    SLICE_X48Y70         FDRE (Prop_fdre_C_Q)         0.456     3.387 r  system_i/rst_ps7_0_50M/U0/ACTIVE_LOW_PR_OUT_DFF[0].FDRE_PER_N/Q
                         net (fo=13, routed)          0.603     3.990    system_i/sc_shd_axi_wrapper_0/inst/u_core/dense3/S_AXI_ARESETN
    SLICE_X47Y70         LUT1 (Prop_lut1_I0_O)        0.124     4.114 f  system_i/sc_shd_axi_wrapper_0/inst/u_core/dense3/axi_awready_i_1/O
                         net (fo=833, routed)         5.851     9.964    system_i/sc_shd_axi_wrapper_0/inst/u_core/p_0_in__0
    SLICE_X55Y77         FDCE                                         f  system_i/sc_shd_axi_wrapper_0/inst/u_core/output_v_sum_packed_reg[291]/CLR
  -------------------------------------------------------------------    -------------------

                         (clock clk_fpga_0 rise edge)
                                                     20.000    20.000 r  
    PS7_X0Y0             PS7                          0.000    20.000 r  system_i/processing_system7_0/inst/PS7_i/FCLKCLK[0]
                         net (fo=1, routed)           1.088    21.088    system_i/processing_system7_0/inst/FCLK_CLK_unbuffered[0]
    BUFGCTRL_X0Y16       BUFG (Prop_bufg_I_O)         0.091    21.179 r  system_i/processing_system7_0/inst/buffer_fclk_clk_0.FCLK_CLK_0_BUFG/O
                         net (fo=1456, routed)        1.522    22.701    system_i/sc_shd_axi_wrapper_0/inst/u_core/S_AXI_ACLK
    SLICE_X55Y77         FDCE                                         r  system_i/sc_shd_axi_wrapper_0/inst/u_core/output_v_sum_packed_reg[291]/C
                         clock pessimism              0.129    22.830    
                         clock uncertainty           -0.302    22.528    
    SLICE_X55Y77         FDCE (Recov_fdce_C_CLR)     -0.405    22.123    system_i/sc_shd_axi_wrapper_0/inst/u_core/output_v_sum_packed_reg[291]
  -------------------------------------------------------------------
                         required time                         22.123    
                         arrival time                          -9.964    
  -------------------------------------------------------------------
                         slack                                 12.158    

Slack (MET) :             12.202ns  (required time - arrival time)
  Source:                 system_i/rst_ps7_0_50M/U0/ACTIVE_LOW_PR_OUT_DFF[0].FDRE_PER_N/C
                            (rising edge-triggered cell FDRE clocked by clk_fpga_0  {rise@0.000ns fall@10.000ns period=20.000ns})
  Destination:            system_i/sc_shd_axi_wrapper_0/inst/u_core/output_v_sum_packed_reg[389]/CLR
                            (recovery check against rising-edge clock clk_fpga_0  {rise@0.000ns fall@10.000ns period=20.000ns})
  Path Group:             **async_default**
  Path Type:              Recovery (Max at Slow Process Corner)
  Requirement:            20.000ns  (clk_fpga_0 rise@20.000ns - clk_fpga_0 rise@0.000ns)
  Data Path Delay:        7.033ns  (logic 0.580ns (8.247%)  route 6.453ns (91.753%))
  Logic Levels:           1  (LUT1=1)
  Clock Path Skew:        -0.101ns (DCD - SCD + CPR)
    Destination Clock Delay (DCD):    2.701ns = ( 22.701 - 20.000 ) 
    Source Clock Delay      (SCD):    2.931ns
    Clock Pessimism Removal (CPR):    0.129ns
  Clock Uncertainty:      0.302ns  ((TSJ^2 + TIJ^2)^1/2 + DJ) / 2 + PE
    Total System Jitter     (TSJ):    0.071ns
    Total Input Jitter      (TIJ):    0.600ns
    Discrete Jitter          (DJ):    0.000ns
    Phase Error              (PE):    0.000ns

    Location             Delay type                Incr(ns)  Path(ns)    Netlist Resource(s)
  -------------------------------------------------------------------    -------------------
                         (clock clk_fpga_0 rise edge)
                                                      0.000     0.000 r  
    PS7_X0Y0             PS7                          0.000     0.000 r  system_i/processing_system7_0/inst/PS7_i/FCLKCLK[0]
                         net (fo=1, routed)           1.193     1.193    system_i/processing_system7_0/inst/FCLK_CLK_unbuffered[0]
    BUFGCTRL_X0Y16       BUFG (Prop_bufg_I_O)         0.101     1.294 r  system_i/processing_system7_0/inst/buffer_fclk_clk_0.FCLK_CLK_0_BUFG/O
                         net (fo=1456, routed)        1.637     2.931    system_i/rst_ps7_0_50M/U0/slowest_sync_clk
    SLICE_X48Y70         FDRE                                         r  system_i/rst_ps7_0_50M/U0/ACTIVE_LOW_PR_OUT_DFF[0].FDRE_PER_N/C
  -------------------------------------------------------------------    -------------------
    SLICE_X48Y70         FDRE (Prop_fdre_C_Q)         0.456     3.387 r  system_i/rst_ps7_0_50M/U0/ACTIVE_LOW_PR_OUT_DFF[0].FDRE_PER_N/Q
                         net (fo=13, routed)          0.603     3.990    system_i/sc_shd_axi_wrapper_0/inst/u_core/dense3/S_AXI_ARESETN
    SLICE_X47Y70         LUT1 (Prop_lut1_I0_O)        0.124     4.114 f  system_i/sc_shd_axi_wrapper_0/inst/u_core/dense3/axi_awready_i_1/O
                         net (fo=833, routed)         5.851     9.964    system_i/sc_shd_axi_wrapper_0/inst/u_core/p_0_in__0
    SLICE_X54Y77         FDCE                                         f  system_i/sc_shd_axi_wrapper_0/inst/u_core/output_v_sum_packed_reg[389]/CLR
  -------------------------------------------------------------------    -------------------

                         (clock clk_fpga_0 rise edge)
                                                     20.000    20.000 r  
    PS7_X0Y0             PS7                          0.000    20.000 r  system_i/processing_system7_0/inst/PS7_i/FCLKCLK[0]
                         net (fo=1, routed)           1.088    21.088    system_i/processing_system7_0/inst/FCLK_CLK_unbuffered[0]
    BUFGCTRL_X0Y16       BUFG (Prop_bufg_I_O)         0.091    21.179 r  system_i/processing_system7_0/inst/buffer_fclk_clk_0.FCLK_CLK_0_BUFG/O
                         net (fo=1456, routed)        1.522    22.701    system_i/sc_shd_axi_wrapper_0/inst/u_core/S_AXI_ACLK
    SLICE_X54Y77         FDCE                                         r  system_i/sc_shd_axi_wrapper_0/inst/u_core/output_v_sum_packed_reg[389]/C
                         clock pessimism              0.129    22.830    
                         clock uncertainty           -0.302    22.528    
    SLICE_X54Y77         FDCE (Recov_fdce_C_CLR)     -0.361    22.167    system_i/sc_shd_axi_wrapper_0/inst/u_core/output_v_sum_packed_reg[389]
  -------------------------------------------------------------------
                         required time                         22.167    
                         arrival time                          -9.964    
  -------------------------------------------------------------------
                         slack                                 12.202    

Slack (MET) :             12.202ns  (required time - arrival time)
  Source:                 system_i/rst_ps7_0_50M/U0/ACTIVE_LOW_PR_OUT_DFF[0].FDRE_PER_N/C
                            (rising edge-triggered cell FDRE clocked by clk_fpga_0  {rise@0.000ns fall@10.000ns period=20.000ns})
  Destination:            system_i/sc_shd_axi_wrapper_0/inst/u_core/output_v_sum_packed_reg[391]/CLR
                            (recovery check against rising-edge clock clk_fpga_0  {rise@0.000ns fall@10.000ns period=20.000ns})
  Path Group:             **async_default**
  Path Type:              Recovery (Max at Slow Process Corner)
  Requirement:            20.000ns  (clk_fpga_0 rise@20.000ns - clk_fpga_0 rise@0.000ns)
  Data Path Delay:        7.033ns  (logic 0.580ns (8.247%)  route 6.453ns (91.753%))
  Logic Levels:           1  (LUT1=1)
  Clock Path Skew:        -0.101ns (DCD - SCD + CPR)
    Destination Clock Delay (DCD):    2.701ns = ( 22.701 - 20.000 ) 
    Source Clock Delay      (SCD):    2.931ns
    Clock Pessimism Removal (CPR):    0.129ns
  Clock Uncertainty:      0.302ns  ((TSJ^2 + TIJ^2)^1/2 + DJ) / 2 + PE
    Total System Jitter     (TSJ):    0.071ns
    Total Input Jitter      (TIJ):    0.600ns
    Discrete Jitter          (DJ):    0.000ns
    Phase Error              (PE):    0.000ns

    Location             Delay type                Incr(ns)  Path(ns)    Netlist Resource(s)
  -------------------------------------------------------------------    -------------------
                         (clock clk_fpga_0 rise edge)
                                                      0.000     0.000 r  
    PS7_X0Y0             PS7                          0.000     0.000 r  system_i/processing_system7_0/inst/PS7_i/FCLKCLK[0]
                         net (fo=1, routed)           1.193     1.193    system_i/processing_system7_0/inst/FCLK_CLK_unbuffered[0]
    BUFGCTRL_X0Y16       BUFG (Prop_bufg_I_O)         0.101     1.294 r  system_i/processing_system7_0/inst/buffer_fclk_clk_0.FCLK_CLK_0_BUFG/O
                         net (fo=1456, routed)        1.637     2.931    system_i/rst_ps7_0_50M/U0/slowest_sync_clk
    SLICE_X48Y70         FDRE                                         r  system_i/rst_ps7_0_50M/U0/ACTIVE_LOW_PR_OUT_DFF[0].FDRE_PER_N/C
  -------------------------------------------------------------------    -------------------
    SLICE_X48Y70         FDRE (Prop_fdre_C_Q)         0.456     3.387 r  system_i/rst_ps7_0_50M/U0/ACTIVE_LOW_PR_OUT_DFF[0].FDRE_PER_N/Q
                         net (fo=13, routed)          0.603     3.990    system_i/sc_shd_axi_wrapper_0/inst/u_core/dense3/S_AXI_ARESETN
    SLICE_X47Y70         LUT1 (Prop_lut1_I0_O)        0.124     4.114 f  system_i/sc_shd_axi_wrapper_0/inst/u_core/dense3/axi_awready_i_1/O
                         net (fo=833, routed)         5.851     9.964    system_i/sc_shd_axi_wrapper_0/inst/u_core/p_0_in__0
    SLICE_X54Y77         FDCE                                         f  system_i/sc_shd_axi_wrapper_0/inst/u_core/output_v_sum_packed_reg[391]/CLR
  -------------------------------------------------------------------    -------------------

                         (clock clk_fpga_0 rise edge)
                                                     20.000    20.000 r  
    PS7_X0Y0             PS7                          0.000    20.000 r  system_i/processing_system7_0/inst/PS7_i/FCLKCLK[0]
                         net (fo=1, routed)           1.088    21.088    system_i/processing_system7_0/inst/FCLK_CLK_unbuffered[0]
    BUFGCTRL_X0Y16       BUFG (Prop_bufg_I_O)         0.091    21.179 r  system_i/processing_system7_0/inst/buffer_fclk_clk_0.FCLK_CLK_0_BUFG/O
                         net (fo=1456, routed)        1.522    22.701    system_i/sc_shd_axi_wrapper_0/inst/u_core/S_AXI_ACLK
    SLICE_X54Y77         FDCE                                         r  system_i/sc_shd_axi_wrapper_0/inst/u_core/output_v_sum_packed_reg[391]/C
                         clock pessimism              0.129    22.830    
                         clock uncertainty           -0.302    22.528    
    SLICE_X54Y77         FDCE (Recov_fdce_C_CLR)     -0.361    22.167    system_i/sc_shd_axi_wrapper_0/inst/u_core/output_v_sum_packed_reg[391]
  -------------------------------------------------------------------
                         required time                         22.167    
                         arrival time                          -9.964    
  -------------------------------------------------------------------
                         slack                                 12.202    

Slack (MET) :             12.202ns  (required time - arrival time)
  Source:                 system_i/rst_ps7_0_50M/U0/ACTIVE_LOW_PR_OUT_DFF[0].FDRE_PER_N/C
                            (rising edge-triggered cell FDRE clocked by clk_fpga_0  {rise@0.000ns fall@10.000ns period=20.000ns})
  Destination:            system_i/sc_shd_axi_wrapper_0/inst/u_core/output_v_sum_packed_reg[419]/CLR
                            (recovery check against rising-edge clock clk_fpga_0  {rise@0.000ns fall@10.000ns period=20.000ns})
  Path Group:             **async_default**
  Path Type:              Recovery (Max at Slow Process Corner)
  Requirement:            20.000ns  (clk_fpga_0 rise@20.000ns - clk_fpga_0 rise@0.000ns)
  Data Path Delay:        7.033ns  (logic 0.580ns (8.247%)  route 6.453ns (91.753%))
  Logic Levels:           1  (LUT1=1)
  Clock Path Skew:        -0.101ns (DCD - SCD + CPR)
    Destination Clock Delay (DCD):    2.701ns = ( 22.701 - 20.000 ) 
    Source Clock Delay      (SCD):    2.931ns
    Clock Pessimism Removal (CPR):    0.129ns
  Clock Uncertainty:      0.302ns  ((TSJ^2 + TIJ^2)^1/2 + DJ) / 2 + PE
    Total System Jitter     (TSJ):    0.071ns
    Total Input Jitter      (TIJ):    0.600ns
    Discrete Jitter          (DJ):    0.000ns
    Phase Error              (PE):    0.000ns

    Location             Delay type                Incr(ns)  Path(ns)    Netlist Resource(s)
  -------------------------------------------------------------------    -------------------
                         (clock clk_fpga_0 rise edge)
                                                      0.000     0.000 r  
    PS7_X0Y0             PS7                          0.000     0.000 r  system_i/processing_system7_0/inst/PS7_i/FCLKCLK[0]
                         net (fo=1, routed)           1.193     1.193    system_i/processing_system7_0/inst/FCLK_CLK_unbuffered[0]
    BUFGCTRL_X0Y16       BUFG (Prop_bufg_I_O)         0.101     1.294 r  system_i/processing_system7_0/inst/buffer_fclk_clk_0.FCLK_CLK_0_BUFG/O
                         net (fo=1456, routed)        1.637     2.931    system_i/rst_ps7_0_50M/U0/slowest_sync_clk
    SLICE_X48Y70         FDRE                                         r  system_i/rst_ps7_0_50M/U0/ACTIVE_LOW_PR_OUT_DFF[0].FDRE_PER_N/C
  -------------------------------------------------------------------    -------------------
    SLICE_X48Y70         FDRE (Prop_fdre_C_Q)         0.456     3.387 r  system_i/rst_ps7_0_50M/U0/ACTIVE_LOW_PR_OUT_DFF[0].FDRE_PER_N/Q
                         net (fo=13, routed)          0.603     3.990    system_i/sc_shd_axi_wrapper_0/inst/u_core/dense3/S_AXI_ARESETN
    SLICE_X47Y70         LUT1 (Prop_lut1_I0_O)        0.124     4.114 f  system_i/sc_shd_axi_wrapper_0/inst/u_core/dense3/axi_awready_i_1/O
                         net (fo=833, routed)         5.851     9.964    system_i/sc_shd_axi_wrapper_0/inst/u_core/p_0_in__0
    SLICE_X54Y77         FDCE                                         f  system_i/sc_shd_axi_wrapper_0/inst/u_core/output_v_sum_packed_reg[419]/CLR
  -------------------------------------------------------------------    -------------------

                         (clock clk_fpga_0 rise edge)
                                                     20.000    20.000 r  
    PS7_X0Y0             PS7                          0.000    20.000 r  system_i/processing_system7_0/inst/PS7_i/FCLKCLK[0]
                         net (fo=1, routed)           1.088    21.088    system_i/processing_system7_0/inst/FCLK_CLK_unbuffered[0]
    BUFGCTRL_X0Y16       BUFG (Prop_bufg_I_O)         0.091    21.179 r  system_i/processing_system7_0/inst/buffer_fclk_clk_0.FCLK_CLK_0_BUFG/O
                         net (fo=1456, routed)        1.522    22.701    system_i/sc_shd_axi_wrapper_0/inst/u_core/S_AXI_ACLK
    SLICE_X54Y77         FDCE                                         r  system_i/sc_shd_axi_wrapper_0/inst/u_core/output_v_sum_packed_reg[419]/C
                         clock pessimism              0.129    22.830    
                         clock uncertainty           -0.302    22.528    
    SLICE_X54Y77         FDCE (Recov_fdce_C_CLR)     -0.361    22.167    system_i/sc_shd_axi_wrapper_0/inst/u_core/output_v_sum_packed_reg[419]
  -------------------------------------------------------------------
                         required time                         22.167    
                         arrival time                          -9.964    
  -------------------------------------------------------------------
                         slack                                 12.202    

Slack (MET) :             12.244ns  (required time - arrival time)
  Source:                 system_i/rst_ps7_0_50M/U0/ACTIVE_LOW_PR_OUT_DFF[0].FDRE_PER_N/C
                            (rising edge-triggered cell FDRE clocked by clk_fpga_0  {rise@0.000ns fall@10.000ns period=20.000ns})
  Destination:            system_i/sc_shd_axi_wrapper_0/inst/u_core/output_v_sum_packed_reg[388]/CLR
                            (recovery check against rising-edge clock clk_fpga_0  {rise@0.000ns fall@10.000ns period=20.000ns})
  Path Group:             **async_default**
  Path Type:              Recovery (Max at Slow Process Corner)
  Requirement:            20.000ns  (clk_fpga_0 rise@20.000ns - clk_fpga_0 rise@0.000ns)
  Data Path Delay:        7.033ns  (logic 0.580ns (8.247%)  route 6.453ns (91.753%))
  Logic Levels:           1  (LUT1=1)
  Clock Path Skew:        -0.101ns (DCD - SCD + CPR)
    Destination Clock Delay (DCD):    2.701ns = ( 22.701 - 20.000 ) 
    Source Clock Delay      (SCD):    2.931ns
    Clock Pessimism Removal (CPR):    0.129ns
  Clock Uncertainty:      0.302ns  ((TSJ^2 + TIJ^2)^1/2 + DJ) / 2 + PE
    Total System Jitter     (TSJ):    0.071ns
    Total Input Jitter      (TIJ):    0.600ns
    Discrete Jitter          (DJ):    0.000ns
    Phase Error              (PE):    0.000ns

    Location             Delay type                Incr(ns)  Path(ns)    Netlist Resource(s)
  -------------------------------------------------------------------    -------------------
                         (clock clk_fpga_0 rise edge)
                                                      0.000     0.000 r  
    PS7_X0Y0             PS7                          0.000     0.000 r  system_i/processing_system7_0/inst/PS7_i/FCLKCLK[0]
                         net (fo=1, routed)           1.193     1.193    system_i/processing_system7_0/inst/FCLK_CLK_unbuffered[0]
    BUFGCTRL_X0Y16       BUFG (Prop_bufg_I_O)         0.101     1.294 r  system_i/processing_system7_0/inst/buffer_fclk_clk_0.FCLK_CLK_0_BUFG/O
                         net (fo=1456, routed)        1.637     2.931    system_i/rst_ps7_0_50M/U0/slowest_sync_clk
    SLICE_X48Y70         FDRE                                         r  system_i/rst_ps7_0_50M/U0/ACTIVE_LOW_PR_OUT_DFF[0].FDRE_PER_N/C
  -------------------------------------------------------------------    -------------------
    SLICE_X48Y70         FDRE (Prop_fdre_C_Q)         0.456     3.387 r  system_i/rst_ps7_0_50M/U0/ACTIVE_LOW_PR_OUT_DFF[0].FDRE_PER_N/Q
                         net (fo=13, routed)          0.603     3.990    system_i/sc_shd_axi_wrapper_0/inst/u_core/dense3/S_AXI_ARESETN
    SLICE_X47Y70         LUT1 (Prop_lut1_I0_O)        0.124     4.114 f  system_i/sc_shd_axi_wrapper_0/inst/u_core/dense3/axi_awready_i_1/O
                         net (fo=833, routed)         5.851     9.964    system_i/sc_shd_axi_wrapper_0/inst/u_core/p_0_in__0
    SLICE_X54Y77         FDCE                                         f  system_i/sc_shd_axi_wrapper_0/inst/u_core/output_v_sum_packed_reg[388]/CLR
  -------------------------------------------------------------------    -------------------

                         (clock clk_fpga_0 rise edge)
                                                     20.000    20.000 r  
    PS7_X0Y0             PS7                          0.000    20.000 r  system_i/processing_system7_0/inst/PS7_i/FCLKCLK[0]
                         net (fo=1, routed)           1.088    21.088    system_i/processing_system7_0/inst/FCLK_CLK_unbuffered[0]
    BUFGCTRL_X0Y16       BUFG (Prop_bufg_I_O)         0.091    21.179 r  system_i/processing_system7_0/inst/buffer_fclk_clk_0.FCLK_CLK_0_BUFG/O
                         net (fo=1456, routed)        1.522    22.701    system_i/sc_shd_axi_wrapper_0/inst/u_core/S_AXI_ACLK
    SLICE_X54Y77         FDCE                                         r  system_i/sc_shd_axi_wrapper_0/inst/u_core/output_v_sum_packed_reg[388]/C
                         clock pessimism              0.129    22.830    
                         clock uncertainty           -0.302    22.528    
    SLICE_X54Y77         FDCE (Recov_fdce_C_CLR)     -0.319    22.209    system_i/sc_shd_axi_wrapper_0/inst/u_core/output_v_sum_packed_reg[388]
  -------------------------------------------------------------------
                         required time                         22.209    
                         arrival time                          -9.964    
  -------------------------------------------------------------------
                         slack                                 12.244    

Slack (MET) :             12.244ns  (required time - arrival time)
  Source:                 system_i/rst_ps7_0_50M/U0/ACTIVE_LOW_PR_OUT_DFF[0].FDRE_PER_N/C
                            (rising edge-triggered cell FDRE clocked by clk_fpga_0  {rise@0.000ns fall@10.000ns period=20.000ns})
  Destination:            system_i/sc_shd_axi_wrapper_0/inst/u_core/output_v_sum_packed_reg[390]/CLR
                            (recovery check against rising-edge clock clk_fpga_0  {rise@0.000ns fall@10.000ns period=20.000ns})
  Path Group:             **async_default**
  Path Type:              Recovery (Max at Slow Process Corner)
  Requirement:            20.000ns  (clk_fpga_0 rise@20.000ns - clk_fpga_0 rise@0.000ns)
  Data Path Delay:        7.033ns  (logic 0.580ns (8.247%)  route 6.453ns (91.753%))
  Logic Levels:           1  (LUT1=1)
  Clock Path Skew:        -0.101ns (DCD - SCD + CPR)
    Destination Clock Delay (DCD):    2.701ns = ( 22.701 - 20.000 ) 
    Source Clock Delay      (SCD):    2.931ns
    Clock Pessimism Removal (CPR):    0.129ns
  Clock Uncertainty:      0.302ns  ((TSJ^2 + TIJ^2)^1/2 + DJ) / 2 + PE
    Total System Jitter     (TSJ):    0.071ns
    Total Input Jitter      (TIJ):    0.600ns
    Discrete Jitter          (DJ):    0.000ns
    Phase Error              (PE):    0.000ns

    Location             Delay type                Incr(ns)  Path(ns)    Netlist Resource(s)
  -------------------------------------------------------------------    -------------------
                         (clock clk_fpga_0 rise edge)
                                                      0.000     0.000 r  
    PS7_X0Y0             PS7                          0.000     0.000 r  system_i/processing_system7_0/inst/PS7_i/FCLKCLK[0]
                         net (fo=1, routed)           1.193     1.193    system_i/processing_system7_0/inst/FCLK_CLK_unbuffered[0]
    BUFGCTRL_X0Y16       BUFG (Prop_bufg_I_O)         0.101     1.294 r  system_i/processing_system7_0/inst/buffer_fclk_clk_0.FCLK_CLK_0_BUFG/O
                         net (fo=1456, routed)        1.637     2.931    system_i/rst_ps7_0_50M/U0/slowest_sync_clk
    SLICE_X48Y70         FDRE                                         r  system_i/rst_ps7_0_50M/U0/ACTIVE_LOW_PR_OUT_DFF[0].FDRE_PER_N/C
  -------------------------------------------------------------------    -------------------
    SLICE_X48Y70         FDRE (Prop_fdre_C_Q)         0.456     3.387 r  system_i/rst_ps7_0_50M/U0/ACTIVE_LOW_PR_OUT_DFF[0].FDRE_PER_N/Q
                         net (fo=13, routed)          0.603     3.990    system_i/sc_shd_axi_wrapper_0/inst/u_core/dense3/S_AXI_ARESETN
    SLICE_X47Y70         LUT1 (Prop_lut1_I0_O)        0.124     4.114 f  system_i/sc_shd_axi_wrapper_0/inst/u_core/dense3/axi_awready_i_1/O
                         net (fo=833, routed)         5.851     9.964    system_i/sc_shd_axi_wrapper_0/inst/u_core/p_0_in__0
    SLICE_X54Y77         FDCE                                         f  system_i/sc_shd_axi_wrapper_0/inst/u_core/output_v_sum_packed_reg[390]/CLR
  -------------------------------------------------------------------    -------------------

                         (clock clk_fpga_0 rise edge)
                                                     20.000    20.000 r  
    PS7_X0Y0             PS7                          0.000    20.000 r  system_i/processing_system7_0/inst/PS7_i/FCLKCLK[0]
                         net (fo=1, routed)           1.088    21.088    system_i/processing_system7_0/inst/FCLK_CLK_unbuffered[0]
    BUFGCTRL_X0Y16       BUFG (Prop_bufg_I_O)         0.091    21.179 r  system_i/processing_system7_0/inst/buffer_fclk_clk_0.FCLK_CLK_0_BUFG/O
                         net (fo=1456, routed)        1.522    22.701    system_i/sc_shd_axi_wrapper_0/inst/u_core/S_AXI_ACLK
    SLICE_X54Y77         FDCE                                         r  system_i/sc_shd_axi_wrapper_0/inst/u_core/output_v_sum_packed_reg[390]/C
                         clock pessimism              0.129    22.830    
                         clock uncertainty           -0.302    22.528    
    SLICE_X54Y77         FDCE (Recov_fdce_C_CLR)     -0.319    22.209    system_i/sc_shd_axi_wrapper_0/inst/u_core/output_v_sum_packed_reg[390]
  -------------------------------------------------------------------
                         required time                         22.209    
                         arrival time                          -9.964    
  -------------------------------------------------------------------
                         slack                                 12.244    

Slack (MET) :             12.244ns  (required time - arrival time)
  Source:                 system_i/rst_ps7_0_50M/U0/ACTIVE_LOW_PR_OUT_DFF[0].FDRE_PER_N/C
                            (rising edge-triggered cell FDRE clocked by clk_fpga_0  {rise@0.000ns fall@10.000ns period=20.000ns})
  Destination:            system_i/sc_shd_axi_wrapper_0/inst/u_core/output_v_sum_packed_reg[418]/CLR
                            (recovery check against rising-edge clock clk_fpga_0  {rise@0.000ns fall@10.000ns period=20.000ns})
  Path Group:             **async_default**
  Path Type:              Recovery (Max at Slow Process Corner)
  Requirement:            20.000ns  (clk_fpga_0 rise@20.000ns - clk_fpga_0 rise@0.000ns)
  Data Path Delay:        7.033ns  (logic 0.580ns (8.247%)  route 6.453ns (91.753%))
  Logic Levels:           1  (LUT1=1)
  Clock Path Skew:        -0.101ns (DCD - SCD + CPR)
    Destination Clock Delay (DCD):    2.701ns = ( 22.701 - 20.000 ) 
    Source Clock Delay      (SCD):    2.931ns
    Clock Pessimism Removal (CPR):    0.129ns
  Clock Uncertainty:      0.302ns  ((TSJ^2 + TIJ^2)^1/2 + DJ) / 2 + PE
    Total System Jitter     (TSJ):    0.071ns
    Total Input Jitter      (TIJ):    0.600ns
    Discrete Jitter          (DJ):    0.000ns
    Phase Error              (PE):    0.000ns

    Location             Delay type                Incr(ns)  Path(ns)    Netlist Resource(s)
  -------------------------------------------------------------------    -------------------
                         (clock clk_fpga_0 rise edge)
                                                      0.000     0.000 r  
    PS7_X0Y0             PS7                          0.000     0.000 r  system_i/processing_system7_0/inst/PS7_i/FCLKCLK[0]
                         net (fo=1, routed)           1.193     1.193    system_i/processing_system7_0/inst/FCLK_CLK_unbuffered[0]
    BUFGCTRL_X0Y16       BUFG (Prop_bufg_I_O)         0.101     1.294 r  system_i/processing_system7_0/inst/buffer_fclk_clk_0.FCLK_CLK_0_BUFG/O
                         net (fo=1456, routed)        1.637     2.931    system_i/rst_ps7_0_50M/U0/slowest_sync_clk
    SLICE_X48Y70         FDRE                                         r  system_i/rst_ps7_0_50M/U0/ACTIVE_LOW_PR_OUT_DFF[0].FDRE_PER_N/C
  -------------------------------------------------------------------    -------------------
    SLICE_X48Y70         FDRE (Prop_fdre_C_Q)         0.456     3.387 r  system_i/rst_ps7_0_50M/U0/ACTIVE_LOW_PR_OUT_DFF[0].FDRE_PER_N/Q
                         net (fo=13, routed)          0.603     3.990    system_i/sc_shd_axi_wrapper_0/inst/u_core/dense3/S_AXI_ARESETN
    SLICE_X47Y70         LUT1 (Prop_lut1_I0_O)        0.124     4.114 f  system_i/sc_shd_axi_wrapper_0/inst/u_core/dense3/axi_awready_i_1/O
                         net (fo=833, routed)         5.851     9.964    system_i/sc_shd_axi_wrapper_0/inst/u_core/p_0_in__0
    SLICE_X54Y77         FDCE                                         f  system_i/sc_shd_axi_wrapper_0/inst/u_core/output_v_sum_packed_reg[418]/CLR
  -------------------------------------------------------------------    -------------------

                         (clock clk_fpga_0 rise edge)
                                                     20.000    20.000 r  
    PS7_X0Y0             PS7                          0.000    20.000 r  system_i/processing_system7_0/inst/PS7_i/FCLKCLK[0]
                         net (fo=1, routed)           1.088    21.088    system_i/processing_system7_0/inst/FCLK_CLK_unbuffered[0]
    BUFGCTRL_X0Y16       BUFG (Prop_bufg_I_O)         0.091    21.179 r  system_i/processing_system7_0/inst/buffer_fclk_clk_0.FCLK_CLK_0_BUFG/O
                         net (fo=1456, routed)        1.522    22.701    system_i/sc_shd_axi_wrapper_0/inst/u_core/S_AXI_ACLK
    SLICE_X54Y77         FDCE                                         r  system_i/sc_shd_axi_wrapper_0/inst/u_core/output_v_sum_packed_reg[418]/C
                         clock pessimism              0.129    22.830    
                         clock uncertainty           -0.302    22.528    
    SLICE_X54Y77         FDCE (Recov_fdce_C_CLR)     -0.319    22.209    system_i/sc_shd_axi_wrapper_0/inst/u_core/output_v_sum_packed_reg[418]
  -------------------------------------------------------------------
                         required time                         22.209    
                         arrival time                          -9.964    
  -------------------------------------------------------------------
                         slack                                 12.244    

Slack (MET) :             12.329ns  (required time - arrival time)
  Source:                 system_i/rst_ps7_0_50M/U0/ACTIVE_LOW_PR_OUT_DFF[0].FDRE_PER_N/C
                            (rising edge-triggered cell FDRE clocked by clk_fpga_0  {rise@0.000ns fall@10.000ns period=20.000ns})
  Destination:            system_i/sc_shd_axi_wrapper_0/inst/u_core/output_v_sum_packed_reg[258]/CLR
                            (recovery check against rising-edge clock clk_fpga_0  {rise@0.000ns fall@10.000ns period=20.000ns})
  Path Group:             **async_default**
  Path Type:              Recovery (Max at Slow Process Corner)
  Requirement:            20.000ns  (clk_fpga_0 rise@20.000ns - clk_fpga_0 rise@0.000ns)
  Data Path Delay:        6.865ns  (logic 0.580ns (8.449%)  route 6.285ns (91.551%))
  Logic Levels:           1  (LUT1=1)
  Clock Path Skew:        -0.099ns (DCD - SCD + CPR)
    Destination Clock Delay (DCD):    2.703ns = ( 22.703 - 20.000 ) 
    Source Clock Delay      (SCD):    2.931ns
    Clock Pessimism Removal (CPR):    0.129ns
  Clock Uncertainty:      0.302ns  ((TSJ^2 + TIJ^2)^1/2 + DJ) / 2 + PE
    Total System Jitter     (TSJ):    0.071ns
    Total Input Jitter      (TIJ):    0.600ns
    Discrete Jitter          (DJ):    0.000ns
    Phase Error              (PE):    0.000ns

    Location             Delay type                Incr(ns)  Path(ns)    Netlist Resource(s)
  -------------------------------------------------------------------    -------------------
                         (clock clk_fpga_0 rise edge)
                                                      0.000     0.000 r  
    PS7_X0Y0             PS7                          0.000     0.000 r  system_i/processing_system7_0/inst/PS7_i/FCLKCLK[0]
                         net (fo=1, routed)           1.193     1.193    system_i/processing_system7_0/inst/FCLK_CLK_unbuffered[0]
    BUFGCTRL_X0Y16       BUFG (Prop_bufg_I_O)         0.101     1.294 r  system_i/processing_system7_0/inst/buffer_fclk_clk_0.FCLK_CLK_0_BUFG/O
                         net (fo=1456, routed)        1.637     2.931    system_i/rst_ps7_0_50M/U0/slowest_sync_clk
    SLICE_X48Y70         FDRE                                         r  system_i/rst_ps7_0_50M/U0/ACTIVE_LOW_PR_OUT_DFF[0].FDRE_PER_N/C
  -------------------------------------------------------------------    -------------------
    SLICE_X48Y70         FDRE (Prop_fdre_C_Q)         0.456     3.387 r  system_i/rst_ps7_0_50M/U0/ACTIVE_LOW_PR_OUT_DFF[0].FDRE_PER_N/Q
                         net (fo=13, routed)          0.603     3.990    system_i/sc_shd_axi_wrapper_0/inst/u_core/dense3/S_AXI_ARESETN
    SLICE_X47Y70         LUT1 (Prop_lut1_I0_O)        0.124     4.114 f  system_i/sc_shd_axi_wrapper_0/inst/u_core/dense3/axi_awready_i_1/O
                         net (fo=833, routed)         5.682     9.796    system_i/sc_shd_axi_wrapper_0/inst/u_core/p_0_in__0
    SLICE_X55Y78         FDCE                                         f  system_i/sc_shd_axi_wrapper_0/inst/u_core/output_v_sum_packed_reg[258]/CLR
  -------------------------------------------------------------------    -------------------

                         (clock clk_fpga_0 rise edge)
                                                     20.000    20.000 r  
    PS7_X0Y0             PS7                          0.000    20.000 r  system_i/processing_system7_0/inst/PS7_i/FCLKCLK[0]
                         net (fo=1, routed)           1.088    21.088    system_i/processing_system7_0/inst/FCLK_CLK_unbuffered[0]
    BUFGCTRL_X0Y16       BUFG (Prop_bufg_I_O)         0.091    21.179 r  system_i/processing_system7_0/inst/buffer_fclk_clk_0.FCLK_CLK_0_BUFG/O
                         net (fo=1456, routed)        1.524    22.703    system_i/sc_shd_axi_wrapper_0/inst/u_core/S_AXI_ACLK
    SLICE_X55Y78         FDCE                                         r  system_i/sc_shd_axi_wrapper_0/inst/u_core/output_v_sum_packed_reg[258]/C
                         clock pessimism              0.129    22.832    
                         clock uncertainty           -0.302    22.530    
    SLICE_X55Y78         FDCE (Recov_fdce_C_CLR)     -0.405    22.125    system_i/sc_shd_axi_wrapper_0/inst/u_core/output_v_sum_packed_reg[258]
  -------------------------------------------------------------------
                         required time                         22.125    
                         arrival time                          -9.796    
  -------------------------------------------------------------------
                         slack                                 12.329    

Slack (MET) :             12.329ns  (required time - arrival time)
  Source:                 system_i/rst_ps7_0_50M/U0/ACTIVE_LOW_PR_OUT_DFF[0].FDRE_PER_N/C
                            (rising edge-triggered cell FDRE clocked by clk_fpga_0  {rise@0.000ns fall@10.000ns period=20.000ns})
  Destination:            system_i/sc_shd_axi_wrapper_0/inst/u_core/output_v_sum_packed_reg[259]/CLR
                            (recovery check against rising-edge clock clk_fpga_0  {rise@0.000ns fall@10.000ns period=20.000ns})
  Path Group:             **async_default**
  Path Type:              Recovery (Max at Slow Process Corner)
  Requirement:            20.000ns  (clk_fpga_0 rise@20.000ns - clk_fpga_0 rise@0.000ns)
  Data Path Delay:        6.865ns  (logic 0.580ns (8.449%)  route 6.285ns (91.551%))
  Logic Levels:           1  (LUT1=1)
  Clock Path Skew:        -0.099ns (DCD - SCD + CPR)
    Destination Clock Delay (DCD):    2.703ns = ( 22.703 - 20.000 ) 
    Source Clock Delay      (SCD):    2.931ns
    Clock Pessimism Removal (CPR):    0.129ns
  Clock Uncertainty:      0.302ns  ((TSJ^2 + TIJ^2)^1/2 + DJ) / 2 + PE
    Total System Jitter     (TSJ):    0.071ns
    Total Input Jitter      (TIJ):    0.600ns
    Discrete Jitter          (DJ):    0.000ns
    Phase Error              (PE):    0.000ns

    Location             Delay type                Incr(ns)  Path(ns)    Netlist Resource(s)
  -------------------------------------------------------------------    -------------------
                         (clock clk_fpga_0 rise edge)
                                                      0.000     0.000 r  
    PS7_X0Y0             PS7                          0.000     0.000 r  system_i/processing_system7_0/inst/PS7_i/FCLKCLK[0]
                         net (fo=1, routed)           1.193     1.193    system_i/processing_system7_0/inst/FCLK_CLK_unbuffered[0]
    BUFGCTRL_X0Y16       BUFG (Prop_bufg_I_O)         0.101     1.294 r  system_i/processing_system7_0/inst/buffer_fclk_clk_0.FCLK_CLK_0_BUFG/O
                         net (fo=1456, routed)        1.637     2.931    system_i/rst_ps7_0_50M/U0/slowest_sync_clk
    SLICE_X48Y70         FDRE                                         r  system_i/rst_ps7_0_50M/U0/ACTIVE_LOW_PR_OUT_DFF[0].FDRE_PER_N/C
  -------------------------------------------------------------------    -------------------
    SLICE_X48Y70         FDRE (Prop_fdre_C_Q)         0.456     3.387 r  system_i/rst_ps7_0_50M/U0/ACTIVE_LOW_PR_OUT_DFF[0].FDRE_PER_N/Q
                         net (fo=13, routed)          0.603     3.990    system_i/sc_shd_axi_wrapper_0/inst/u_core/dense3/S_AXI_ARESETN
    SLICE_X47Y70         LUT1 (Prop_lut1_I0_O)        0.124     4.114 f  system_i/sc_shd_axi_wrapper_0/inst/u_core/dense3/axi_awready_i_1/O
                         net (fo=833, routed)         5.682     9.796    system_i/sc_shd_axi_wrapper_0/inst/u_core/p_0_in__0
    SLICE_X55Y78         FDCE                                         f  system_i/sc_shd_axi_wrapper_0/inst/u_core/output_v_sum_packed_reg[259]/CLR
  -------------------------------------------------------------------    -------------------

                         (clock clk_fpga_0 rise edge)
                                                     20.000    20.000 r  
    PS7_X0Y0             PS7                          0.000    20.000 r  system_i/processing_system7_0/inst/PS7_i/FCLKCLK[0]
                         net (fo=1, routed)           1.088    21.088    system_i/processing_system7_0/inst/FCLK_CLK_unbuffered[0]
    BUFGCTRL_X0Y16       BUFG (Prop_bufg_I_O)         0.091    21.179 r  system_i/processing_system7_0/inst/buffer_fclk_clk_0.FCLK_CLK_0_BUFG/O
                         net (fo=1456, routed)        1.524    22.703    system_i/sc_shd_axi_wrapper_0/inst/u_core/S_AXI_ACLK
    SLICE_X55Y78         FDCE                                         r  system_i/sc_shd_axi_wrapper_0/inst/u_core/output_v_sum_packed_reg[259]/C
                         clock pessimism              0.129    22.832    
                         clock uncertainty           -0.302    22.530    
    SLICE_X55Y78         FDCE (Recov_fdce_C_CLR)     -0.405    22.125    system_i/sc_shd_axi_wrapper_0/inst/u_core/output_v_sum_packed_reg[259]
  -------------------------------------------------------------------
                         required time                         22.125    
                         arrival time                          -9.796    
  -------------------------------------------------------------------
                         slack                                 12.329    





Min Delay Paths
--------------------------------------------------------------------------------------
Slack (MET) :             0.783ns  (arrival time - required time)
  Source:                 system_i/rst_ps7_0_50M/U0/ACTIVE_LOW_PR_OUT_DFF[0].FDRE_PER_N/C
                            (rising edge-triggered cell FDRE clocked by clk_fpga_0  {rise@0.000ns fall@10.000ns period=20.000ns})
  Destination:            system_i/sc_shd_axi_wrapper_0/inst/u_core/output_v_sum_packed_reg[160]/CLR
                            (removal check against rising-edge clock clk_fpga_0  {rise@0.000ns fall@10.000ns period=20.000ns})
  Path Group:             **async_default**
  Path Type:              Removal (Min at Fast Process Corner)
  Requirement:            0.000ns  (clk_fpga_0 rise@0.000ns - clk_fpga_0 rise@0.000ns)
  Data Path Delay:        0.720ns  (logic 0.186ns (25.851%)  route 0.534ns (74.149%))
  Logic Levels:           1  (LUT1=1)
  Clock Path Skew:        0.029ns (DCD - SCD - CPR)
    Destination Clock Delay (DCD):    1.175ns
    Source Clock Delay      (SCD):    0.882ns
    Clock Pessimism Removal (CPR):    0.264ns

    Location             Delay type                Incr(ns)  Path(ns)    Netlist Resource(s)
  -------------------------------------------------------------------    -------------------
                         (clock clk_fpga_0 rise edge)
                                                      0.000     0.000 r  
    PS7_X0Y0             PS7                          0.000     0.000 r  system_i/processing_system7_0/inst/PS7_i/FCLKCLK[0]
                         net (fo=1, routed)           0.310     0.310    system_i/processing_system7_0/inst/FCLK_CLK_unbuffered[0]
    BUFGCTRL_X0Y16       BUFG (Prop_bufg_I_O)         0.026     0.336 r  system_i/processing_system7_0/inst/buffer_fclk_clk_0.FCLK_CLK_0_BUFG/O
                         net (fo=1456, routed)        0.546     0.882    system_i/rst_ps7_0_50M/U0/slowest_sync_clk
    SLICE_X48Y70         FDRE                                         r  system_i/rst_ps7_0_50M/U0/ACTIVE_LOW_PR_OUT_DFF[0].FDRE_PER_N/C
  -------------------------------------------------------------------    -------------------
    SLICE_X48Y70         FDRE (Prop_fdre_C_Q)         0.141     1.023 r  system_i/rst_ps7_0_50M/U0/ACTIVE_LOW_PR_OUT_DFF[0].FDRE_PER_N/Q
                         net (fo=13, routed)          0.216     1.238    system_i/sc_shd_axi_wrapper_0/inst/u_core/dense3/S_AXI_ARESETN
    SLICE_X47Y70         LUT1 (Prop_lut1_I0_O)        0.045     1.283 f  system_i/sc_shd_axi_wrapper_0/inst/u_core/dense3/axi_awready_i_1/O
                         net (fo=833, routed)         0.318     1.601    system_i/sc_shd_axi_wrapper_0/inst/u_core/p_0_in__0
    SLICE_X47Y73         FDCE                                         f  system_i/sc_shd_axi_wrapper_0/inst/u_core/output_v_sum_packed_reg[160]/CLR
  -------------------------------------------------------------------    -------------------

                         (clock clk_fpga_0 rise edge)
                                                      0.000     0.000 r  
    PS7_X0Y0             PS7                          0.000     0.000 r  system_i/processing_system7_0/inst/PS7_i/FCLKCLK[0]
                         net (fo=1, routed)           0.337     0.337    system_i/processing_system7_0/inst/FCLK_CLK_unbuffered[0]
    BUFGCTRL_X0Y16       BUFG (Prop_bufg_I_O)         0.029     0.366 r  system_i/processing_system7_0/inst/buffer_fclk_clk_0.FCLK_CLK_0_BUFG/O
                         net (fo=1456, routed)        0.809     1.175    system_i/sc_shd_axi_wrapper_0/inst/u_core/S_AXI_ACLK
    SLICE_X47Y73         FDCE                                         r  system_i/sc_shd_axi_wrapper_0/inst/u_core/output_v_sum_packed_reg[160]/C
                         clock pessimism             -0.264     0.911    
    SLICE_X47Y73         FDCE (Remov_fdce_C_CLR)     -0.092     0.819    system_i/sc_shd_axi_wrapper_0/inst/u_core/output_v_sum_packed_reg[160]
  -------------------------------------------------------------------
                         required time                         -0.819    
                         arrival time                           1.601    
  -------------------------------------------------------------------
                         slack                                  0.783    

Slack (MET) :             0.783ns  (arrival time - required time)
  Source:                 system_i/rst_ps7_0_50M/U0/ACTIVE_LOW_PR_OUT_DFF[0].FDRE_PER_N/C
                            (rising edge-triggered cell FDRE clocked by clk_fpga_0  {rise@0.000ns fall@10.000ns period=20.000ns})
  Destination:            system_i/sc_shd_axi_wrapper_0/inst/u_core/output_v_sum_packed_reg[161]/CLR
                            (removal check against rising-edge clock clk_fpga_0  {rise@0.000ns fall@10.000ns period=20.000ns})
  Path Group:             **async_default**
  Path Type:              Removal (Min at Fast Process Corner)
  Requirement:            0.000ns  (clk_fpga_0 rise@0.000ns - clk_fpga_0 rise@0.000ns)
  Data Path Delay:        0.720ns  (logic 0.186ns (25.851%)  route 0.534ns (74.149%))
  Logic Levels:           1  (LUT1=1)
  Clock Path Skew:        0.029ns (DCD - SCD - CPR)
    Destination Clock Delay (DCD):    1.175ns
    Source Clock Delay      (SCD):    0.882ns
    Clock Pessimism Removal (CPR):    0.264ns

    Location             Delay type                Incr(ns)  Path(ns)    Netlist Resource(s)
  -------------------------------------------------------------------    -------------------
                         (clock clk_fpga_0 rise edge)
                                                      0.000     0.000 r  
    PS7_X0Y0             PS7                          0.000     0.000 r  system_i/processing_system7_0/inst/PS7_i/FCLKCLK[0]
                         net (fo=1, routed)           0.310     0.310    system_i/processing_system7_0/inst/FCLK_CLK_unbuffered[0]
    BUFGCTRL_X0Y16       BUFG (Prop_bufg_I_O)         0.026     0.336 r  system_i/processing_system7_0/inst/buffer_fclk_clk_0.FCLK_CLK_0_BUFG/O
                         net (fo=1456, routed)        0.546     0.882    system_i/rst_ps7_0_50M/U0/slowest_sync_clk
    SLICE_X48Y70         FDRE                                         r  system_i/rst_ps7_0_50M/U0/ACTIVE_LOW_PR_OUT_DFF[0].FDRE_PER_N/C
  -------------------------------------------------------------------    -------------------
    SLICE_X48Y70         FDRE (Prop_fdre_C_Q)         0.141     1.023 r  system_i/rst_ps7_0_50M/U0/ACTIVE_LOW_PR_OUT_DFF[0].FDRE_PER_N/Q
                         net (fo=13, routed)          0.216     1.238    system_i/sc_shd_axi_wrapper_0/inst/u_core/dense3/S_AXI_ARESETN
    SLICE_X47Y70         LUT1 (Prop_lut1_I0_O)        0.045     1.283 f  system_i/sc_shd_axi_wrapper_0/inst/u_core/dense3/axi_awready_i_1/O
                         net (fo=833, routed)         0.318     1.601    system_i/sc_shd_axi_wrapper_0/inst/u_core/p_0_in__0
    SLICE_X47Y73         FDCE                                         f  system_i/sc_shd_axi_wrapper_0/inst/u_core/output_v_sum_packed_reg[161]/CLR
  -------------------------------------------------------------------    -------------------

                         (clock clk_fpga_0 rise edge)
                                                      0.000     0.000 r  
    PS7_X0Y0             PS7                          0.000     0.000 r  system_i/processing_system7_0/inst/PS7_i/FCLKCLK[0]
                         net (fo=1, routed)           0.337     0.337    system_i/processing_system7_0/inst/FCLK_CLK_unbuffered[0]
    BUFGCTRL_X0Y16       BUFG (Prop_bufg_I_O)         0.029     0.366 r  system_i/processing_system7_0/inst/buffer_fclk_clk_0.FCLK_CLK_0_BUFG/O
                         net (fo=1456, routed)        0.809     1.175    system_i/sc_shd_axi_wrapper_0/inst/u_core/S_AXI_ACLK
    SLICE_X47Y73         FDCE                                         r  system_i/sc_shd_axi_wrapper_0/inst/u_core/output_v_sum_packed_reg[161]/C
                         clock pessimism             -0.264     0.911    
    SLICE_X47Y73         FDCE (Remov_fdce_C_CLR)     -0.092     0.819    system_i/sc_shd_axi_wrapper_0/inst/u_core/output_v_sum_packed_reg[161]
  -------------------------------------------------------------------
                         required time                         -0.819    
                         arrival time                           1.601    
  -------------------------------------------------------------------
                         slack                                  0.783    

Slack (MET) :             0.783ns  (arrival time - required time)
  Source:                 system_i/rst_ps7_0_50M/U0/ACTIVE_LOW_PR_OUT_DFF[0].FDRE_PER_N/C
                            (rising edge-triggered cell FDRE clocked by clk_fpga_0  {rise@0.000ns fall@10.000ns period=20.000ns})
  Destination:            system_i/sc_shd_axi_wrapper_0/inst/u_core/output_v_sum_packed_reg[162]/CLR
                            (removal check against rising-edge clock clk_fpga_0  {rise@0.000ns fall@10.000ns period=20.000ns})
  Path Group:             **async_default**
  Path Type:              Removal (Min at Fast Process Corner)
  Requirement:            0.000ns  (clk_fpga_0 rise@0.000ns - clk_fpga_0 rise@0.000ns)
  Data Path Delay:        0.720ns  (logic 0.186ns (25.851%)  route 0.534ns (74.149%))
  Logic Levels:           1  (LUT1=1)
  Clock Path Skew:        0.029ns (DCD - SCD - CPR)
    Destination Clock Delay (DCD):    1.175ns
    Source Clock Delay      (SCD):    0.882ns
    Clock Pessimism Removal (CPR):    0.264ns

    Location             Delay type                Incr(ns)  Path(ns)    Netlist Resource(s)
  -------------------------------------------------------------------    -------------------
                         (clock clk_fpga_0 rise edge)
                                                      0.000     0.000 r  
    PS7_X0Y0             PS7                          0.000     0.000 r  system_i/processing_system7_0/inst/PS7_i/FCLKCLK[0]
                         net (fo=1, routed)           0.310     0.310    system_i/processing_system7_0/inst/FCLK_CLK_unbuffered[0]
    BUFGCTRL_X0Y16       BUFG (Prop_bufg_I_O)         0.026     0.336 r  system_i/processing_system7_0/inst/buffer_fclk_clk_0.FCLK_CLK_0_BUFG/O
                         net (fo=1456, routed)        0.546     0.882    system_i/rst_ps7_0_50M/U0/slowest_sync_clk
    SLICE_X48Y70         FDRE                                         r  system_i/rst_ps7_0_50M/U0/ACTIVE_LOW_PR_OUT_DFF[0].FDRE_PER_N/C
  -------------------------------------------------------------------    -------------------
    SLICE_X48Y70         FDRE (Prop_fdre_C_Q)         0.141     1.023 r  system_i/rst_ps7_0_50M/U0/ACTIVE_LOW_PR_OUT_DFF[0].FDRE_PER_N/Q
                         net (fo=13, routed)          0.216     1.238    system_i/sc_shd_axi_wrapper_0/inst/u_core/dense3/S_AXI_ARESETN
    SLICE_X47Y70         LUT1 (Prop_lut1_I0_O)        0.045     1.283 f  system_i/sc_shd_axi_wrapper_0/inst/u_core/dense3/axi_awready_i_1/O
                         net (fo=833, routed)         0.318     1.601    system_i/sc_shd_axi_wrapper_0/inst/u_core/p_0_in__0
    SLICE_X47Y73         FDCE                                         f  system_i/sc_shd_axi_wrapper_0/inst/u_core/output_v_sum_packed_reg[162]/CLR
  -------------------------------------------------------------------    -------------------

                         (clock clk_fpga_0 rise edge)
                                                      0.000     0.000 r  
    PS7_X0Y0             PS7                          0.000     0.000 r  system_i/processing_system7_0/inst/PS7_i/FCLKCLK[0]
                         net (fo=1, routed)           0.337     0.337    system_i/processing_system7_0/inst/FCLK_CLK_unbuffered[0]
    BUFGCTRL_X0Y16       BUFG (Prop_bufg_I_O)         0.029     0.366 r  system_i/processing_system7_0/inst/buffer_fclk_clk_0.FCLK_CLK_0_BUFG/O
                         net (fo=1456, routed)        0.809     1.175    system_i/sc_shd_axi_wrapper_0/inst/u_core/S_AXI_ACLK
    SLICE_X47Y73         FDCE                                         r  system_i/sc_shd_axi_wrapper_0/inst/u_core/output_v_sum_packed_reg[162]/C
                         clock pessimism             -0.264     0.911    
    SLICE_X47Y73         FDCE (Remov_fdce_C_CLR)     -0.092     0.819    system_i/sc_shd_axi_wrapper_0/inst/u_core/output_v_sum_packed_reg[162]
  -------------------------------------------------------------------
                         required time                         -0.819    
                         arrival time                           1.601    
  -------------------------------------------------------------------
                         slack                                  0.783    

Slack (MET) :             0.783ns  (arrival time - required time)
  Source:                 system_i/rst_ps7_0_50M/U0/ACTIVE_LOW_PR_OUT_DFF[0].FDRE_PER_N/C
                            (rising edge-triggered cell FDRE clocked by clk_fpga_0  {rise@0.000ns fall@10.000ns period=20.000ns})
  Destination:            system_i/sc_shd_axi_wrapper_0/inst/u_core/output_v_sum_packed_reg[163]/CLR
                            (removal check against rising-edge clock clk_fpga_0  {rise@0.000ns fall@10.000ns period=20.000ns})
  Path Group:             **async_default**
  Path Type:              Removal (Min at Fast Process Corner)
  Requirement:            0.000ns  (clk_fpga_0 rise@0.000ns - clk_fpga_0 rise@0.000ns)
  Data Path Delay:        0.720ns  (logic 0.186ns (25.851%)  route 0.534ns (74.149%))
  Logic Levels:           1  (LUT1=1)
  Clock Path Skew:        0.029ns (DCD - SCD - CPR)
    Destination Clock Delay (DCD):    1.175ns
    Source Clock Delay      (SCD):    0.882ns
    Clock Pessimism Removal (CPR):    0.264ns

    Location             Delay type                Incr(ns)  Path(ns)    Netlist Resource(s)
  -------------------------------------------------------------------    -------------------
                         (clock clk_fpga_0 rise edge)
                                                      0.000     0.000 r  
    PS7_X0Y0             PS7                          0.000     0.000 r  system_i/processing_system7_0/inst/PS7_i/FCLKCLK[0]
                         net (fo=1, routed)           0.310     0.310    system_i/processing_system7_0/inst/FCLK_CLK_unbuffered[0]
    BUFGCTRL_X0Y16       BUFG (Prop_bufg_I_O)         0.026     0.336 r  system_i/processing_system7_0/inst/buffer_fclk_clk_0.FCLK_CLK_0_BUFG/O
                         net (fo=1456, routed)        0.546     0.882    system_i/rst_ps7_0_50M/U0/slowest_sync_clk
    SLICE_X48Y70         FDRE                                         r  system_i/rst_ps7_0_50M/U0/ACTIVE_LOW_PR_OUT_DFF[0].FDRE_PER_N/C
  -------------------------------------------------------------------    -------------------
    SLICE_X48Y70         FDRE (Prop_fdre_C_Q)         0.141     1.023 r  system_i/rst_ps7_0_50M/U0/ACTIVE_LOW_PR_OUT_DFF[0].FDRE_PER_N/Q
                         net (fo=13, routed)          0.216     1.238    system_i/sc_shd_axi_wrapper_0/inst/u_core/dense3/S_AXI_ARESETN
    SLICE_X47Y70         LUT1 (Prop_lut1_I0_O)        0.045     1.283 f  system_i/sc_shd_axi_wrapper_0/inst/u_core/dense3/axi_awready_i_1/O
                         net (fo=833, routed)         0.318     1.601    system_i/sc_shd_axi_wrapper_0/inst/u_core/p_0_in__0
    SLICE_X47Y73         FDCE                                         f  system_i/sc_shd_axi_wrapper_0/inst/u_core/output_v_sum_packed_reg[163]/CLR
  -------------------------------------------------------------------    -------------------

                         (clock clk_fpga_0 rise edge)
                                                      0.000     0.000 r  
    PS7_X0Y0             PS7                          0.000     0.000 r  system_i/processing_system7_0/inst/PS7_i/FCLKCLK[0]
                         net (fo=1, routed)           0.337     0.337    system_i/processing_system7_0/inst/FCLK_CLK_unbuffered[0]
    BUFGCTRL_X0Y16       BUFG (Prop_bufg_I_O)         0.029     0.366 r  system_i/processing_system7_0/inst/buffer_fclk_clk_0.FCLK_CLK_0_BUFG/O
                         net (fo=1456, routed)        0.809     1.175    system_i/sc_shd_axi_wrapper_0/inst/u_core/S_AXI_ACLK
    SLICE_X47Y73         FDCE                                         r  system_i/sc_shd_axi_wrapper_0/inst/u_core/output_v_sum_packed_reg[163]/C
                         clock pessimism             -0.264     0.911    
    SLICE_X47Y73         FDCE (Remov_fdce_C_CLR)     -0.092     0.819    system_i/sc_shd_axi_wrapper_0/inst/u_core/output_v_sum_packed_reg[163]
  -------------------------------------------------------------------
                         required time                         -0.819    
                         arrival time                           1.601    
  -------------------------------------------------------------------
                         slack                                  0.783    

Slack (MET) :             0.796ns  (arrival time - required time)
  Source:                 system_i/rst_ps7_0_50M/U0/ACTIVE_LOW_PR_OUT_DFF[0].FDRE_PER_N/C
                            (rising edge-triggered cell FDRE clocked by clk_fpga_0  {rise@0.000ns fall@10.000ns period=20.000ns})
  Destination:            system_i/sc_shd_axi_wrapper_0/inst/u_core/output_v_sum_packed_reg[130]/CLR
                            (removal check against rising-edge clock clk_fpga_0  {rise@0.000ns fall@10.000ns period=20.000ns})
  Path Group:             **async_default**
  Path Type:              Removal (Min at Fast Process Corner)
  Requirement:            0.000ns  (clk_fpga_0 rise@0.000ns - clk_fpga_0 rise@0.000ns)
  Data Path Delay:        0.733ns  (logic 0.186ns (25.385%)  route 0.547ns (74.615%))
  Logic Levels:           1  (LUT1=1)
  Clock Path Skew:        0.029ns (DCD - SCD - CPR)
    Destination Clock Delay (DCD):    1.175ns
    Source Clock Delay      (SCD):    0.882ns
    Clock Pessimism Removal (CPR):    0.264ns

    Location             Delay type                Incr(ns)  Path(ns)    Netlist Resource(s)
  -------------------------------------------------------------------    -------------------
                         (clock clk_fpga_0 rise edge)
                                                      0.000     0.000 r  
    PS7_X0Y0             PS7                          0.000     0.000 r  system_i/processing_system7_0/inst/PS7_i/FCLKCLK[0]
                         net (fo=1, routed)           0.310     0.310    system_i/processing_system7_0/inst/FCLK_CLK_unbuffered[0]
    BUFGCTRL_X0Y16       BUFG (Prop_bufg_I_O)         0.026     0.336 r  system_i/processing_system7_0/inst/buffer_fclk_clk_0.FCLK_CLK_0_BUFG/O
                         net (fo=1456, routed)        0.546     0.882    system_i/rst_ps7_0_50M/U0/slowest_sync_clk
    SLICE_X48Y70         FDRE                                         r  system_i/rst_ps7_0_50M/U0/ACTIVE_LOW_PR_OUT_DFF[0].FDRE_PER_N/C
  -------------------------------------------------------------------    -------------------
    SLICE_X48Y70         FDRE (Prop_fdre_C_Q)         0.141     1.023 r  system_i/rst_ps7_0_50M/U0/ACTIVE_LOW_PR_OUT_DFF[0].FDRE_PER_N/Q
                         net (fo=13, routed)          0.216     1.238    system_i/sc_shd_axi_wrapper_0/inst/u_core/dense3/S_AXI_ARESETN
    SLICE_X47Y70         LUT1 (Prop_lut1_I0_O)        0.045     1.283 f  system_i/sc_shd_axi_wrapper_0/inst/u_core/dense3/axi_awready_i_1/O
                         net (fo=833, routed)         0.331     1.614    system_i/sc_shd_axi_wrapper_0/inst/u_core/p_0_in__0
    SLICE_X45Y73         FDCE                                         f  system_i/sc_shd_axi_wrapper_0/inst/u_core/output_v_sum_packed_reg[130]/CLR
  -------------------------------------------------------------------    -------------------

                         (clock clk_fpga_0 rise edge)
                                                      0.000     0.000 r  
    PS7_X0Y0             PS7                          0.000     0.000 r  system_i/processing_system7_0/inst/PS7_i/FCLKCLK[0]
                         net (fo=1, routed)           0.337     0.337    system_i/processing_system7_0/inst/FCLK_CLK_unbuffered[0]
    BUFGCTRL_X0Y16       BUFG (Prop_bufg_I_O)         0.029     0.366 r  system_i/processing_system7_0/inst/buffer_fclk_clk_0.FCLK_CLK_0_BUFG/O
                         net (fo=1456, routed)        0.809     1.175    system_i/sc_shd_axi_wrapper_0/inst/u_core/S_AXI_ACLK
    SLICE_X45Y73         FDCE                                         r  system_i/sc_shd_axi_wrapper_0/inst/u_core/output_v_sum_packed_reg[130]/C
                         clock pessimism             -0.264     0.911    
    SLICE_X45Y73         FDCE (Remov_fdce_C_CLR)     -0.092     0.819    system_i/sc_shd_axi_wrapper_0/inst/u_core/output_v_sum_packed_reg[130]
  -------------------------------------------------------------------
                         required time                         -0.819    
                         arrival time                           1.614    
  -------------------------------------------------------------------
                         slack                                  0.796    

Slack (MET) :             0.796ns  (arrival time - required time)
  Source:                 system_i/rst_ps7_0_50M/U0/ACTIVE_LOW_PR_OUT_DFF[0].FDRE_PER_N/C
                            (rising edge-triggered cell FDRE clocked by clk_fpga_0  {rise@0.000ns fall@10.000ns period=20.000ns})
  Destination:            system_i/sc_shd_axi_wrapper_0/inst/u_core/output_v_sum_packed_reg[131]/CLR
                            (removal check against rising-edge clock clk_fpga_0  {rise@0.000ns fall@10.000ns period=20.000ns})
  Path Group:             **async_default**
  Path Type:              Removal (Min at Fast Process Corner)
  Requirement:            0.000ns  (clk_fpga_0 rise@0.000ns - clk_fpga_0 rise@0.000ns)
  Data Path Delay:        0.733ns  (logic 0.186ns (25.385%)  route 0.547ns (74.615%))
  Logic Levels:           1  (LUT1=1)
  Clock Path Skew:        0.029ns (DCD - SCD - CPR)
    Destination Clock Delay (DCD):    1.175ns
    Source Clock Delay      (SCD):    0.882ns
    Clock Pessimism Removal (CPR):    0.264ns

    Location             Delay type                Incr(ns)  Path(ns)    Netlist Resource(s)
  -------------------------------------------------------------------    -------------------
                         (clock clk_fpga_0 rise edge)
                                                      0.000     0.000 r  
    PS7_X0Y0             PS7                          0.000     0.000 r  system_i/processing_system7_0/inst/PS7_i/FCLKCLK[0]
                         net (fo=1, routed)           0.310     0.310    system_i/processing_system7_0/inst/FCLK_CLK_unbuffered[0]
    BUFGCTRL_X0Y16       BUFG (Prop_bufg_I_O)         0.026     0.336 r  system_i/processing_system7_0/inst/buffer_fclk_clk_0.FCLK_CLK_0_BUFG/O
                         net (fo=1456, routed)        0.546     0.882    system_i/rst_ps7_0_50M/U0/slowest_sync_clk
    SLICE_X48Y70         FDRE                                         r  system_i/rst_ps7_0_50M/U0/ACTIVE_LOW_PR_OUT_DFF[0].FDRE_PER_N/C
  -------------------------------------------------------------------    -------------------
    SLICE_X48Y70         FDRE (Prop_fdre_C_Q)         0.141     1.023 r  system_i/rst_ps7_0_50M/U0/ACTIVE_LOW_PR_OUT_DFF[0].FDRE_PER_N/Q
                         net (fo=13, routed)          0.216     1.238    system_i/sc_shd_axi_wrapper_0/inst/u_core/dense3/S_AXI_ARESETN
    SLICE_X47Y70         LUT1 (Prop_lut1_I0_O)        0.045     1.283 f  system_i/sc_shd_axi_wrapper_0/inst/u_core/dense3/axi_awready_i_1/O
                         net (fo=833, routed)         0.331     1.614    system_i/sc_shd_axi_wrapper_0/inst/u_core/p_0_in__0
    SLICE_X45Y73         FDCE                                         f  system_i/sc_shd_axi_wrapper_0/inst/u_core/output_v_sum_packed_reg[131]/CLR
  -------------------------------------------------------------------    -------------------

                         (clock clk_fpga_0 rise edge)
                                                      0.000     0.000 r  
    PS7_X0Y0             PS7                          0.000     0.000 r  system_i/processing_system7_0/inst/PS7_i/FCLKCLK[0]
                         net (fo=1, routed)           0.337     0.337    system_i/processing_system7_0/inst/FCLK_CLK_unbuffered[0]
    BUFGCTRL_X0Y16       BUFG (Prop_bufg_I_O)         0.029     0.366 r  system_i/processing_system7_0/inst/buffer_fclk_clk_0.FCLK_CLK_0_BUFG/O
                         net (fo=1456, routed)        0.809     1.175    system_i/sc_shd_axi_wrapper_0/inst/u_core/S_AXI_ACLK
    SLICE_X45Y73         FDCE                                         r  system_i/sc_shd_axi_wrapper_0/inst/u_core/output_v_sum_packed_reg[131]/C
                         clock pessimism             -0.264     0.911    
    SLICE_X45Y73         FDCE (Remov_fdce_C_CLR)     -0.092     0.819    system_i/sc_shd_axi_wrapper_0/inst/u_core/output_v_sum_packed_reg[131]
  -------------------------------------------------------------------
                         required time                         -0.819    
                         arrival time                           1.614    
  -------------------------------------------------------------------
                         slack                                  0.796    

Slack (MET) :             0.819ns  (arrival time - required time)
  Source:                 system_i/rst_ps7_0_50M/U0/ACTIVE_LOW_PR_OUT_DFF[0].FDRE_PER_N/C
                            (rising edge-triggered cell FDRE clocked by clk_fpga_0  {rise@0.000ns fall@10.000ns period=20.000ns})
  Destination:            system_i/sc_shd_axi_wrapper_0/inst/u_core/output_v_sum_packed_reg[484]/CLR
                            (removal check against rising-edge clock clk_fpga_0  {rise@0.000ns fall@10.000ns period=20.000ns})
  Path Group:             **async_default**
  Path Type:              Removal (Min at Fast Process Corner)
  Requirement:            0.000ns  (clk_fpga_0 rise@0.000ns - clk_fpga_0 rise@0.000ns)
  Data Path Delay:        0.980ns  (logic 0.186ns (18.970%)  route 0.794ns (81.030%))
  Logic Levels:           1  (LUT1=1)
  Clock Path Skew:        0.253ns (DCD - SCD - CPR)
    Destination Clock Delay (DCD):    1.170ns
    Source Clock Delay      (SCD):    0.882ns
    Clock Pessimism Removal (CPR):    0.035ns

    Location             Delay type                Incr(ns)  Path(ns)    Netlist Resource(s)
  -------------------------------------------------------------------    -------------------
                         (clock clk_fpga_0 rise edge)
                                                      0.000     0.000 r  
    PS7_X0Y0             PS7                          0.000     0.000 r  system_i/processing_system7_0/inst/PS7_i/FCLKCLK[0]
                         net (fo=1, routed)           0.310     0.310    system_i/processing_system7_0/inst/FCLK_CLK_unbuffered[0]
    BUFGCTRL_X0Y16       BUFG (Prop_bufg_I_O)         0.026     0.336 r  system_i/processing_system7_0/inst/buffer_fclk_clk_0.FCLK_CLK_0_BUFG/O
                         net (fo=1456, routed)        0.546     0.882    system_i/rst_ps7_0_50M/U0/slowest_sync_clk
    SLICE_X48Y70         FDRE                                         r  system_i/rst_ps7_0_50M/U0/ACTIVE_LOW_PR_OUT_DFF[0].FDRE_PER_N/C
  -------------------------------------------------------------------    -------------------
    SLICE_X48Y70         FDRE (Prop_fdre_C_Q)         0.141     1.023 r  system_i/rst_ps7_0_50M/U0/ACTIVE_LOW_PR_OUT_DFF[0].FDRE_PER_N/Q
                         net (fo=13, routed)          0.216     1.238    system_i/sc_shd_axi_wrapper_0/inst/u_core/dense3/S_AXI_ARESETN
    SLICE_X47Y70         LUT1 (Prop_lut1_I0_O)        0.045     1.283 f  system_i/sc_shd_axi_wrapper_0/inst/u_core/dense3/axi_awready_i_1/O
                         net (fo=833, routed)         0.579     1.862    system_i/sc_shd_axi_wrapper_0/inst/u_core/p_0_in__0
    SLICE_X51Y75         FDCE                                         f  system_i/sc_shd_axi_wrapper_0/inst/u_core/output_v_sum_packed_reg[484]/CLR
  -------------------------------------------------------------------    -------------------

                         (clock clk_fpga_0 rise edge)
                                                      0.000     0.000 r  
    PS7_X0Y0             PS7                          0.000     0.000 r  system_i/processing_system7_0/inst/PS7_i/FCLKCLK[0]
                         net (fo=1, routed)           0.337     0.337    system_i/processing_system7_0/inst/FCLK_CLK_unbuffered[0]
    BUFGCTRL_X0Y16       BUFG (Prop_bufg_I_O)         0.029     0.366 r  system_i/processing_system7_0/inst/buffer_fclk_clk_0.FCLK_CLK_0_BUFG/O
                         net (fo=1456, routed)        0.804     1.170    system_i/sc_shd_axi_wrapper_0/inst/u_core/S_AXI_ACLK
    SLICE_X51Y75         FDCE                                         r  system_i/sc_shd_axi_wrapper_0/inst/u_core/output_v_sum_packed_reg[484]/C
                         clock pessimism             -0.035     1.135    
    SLICE_X51Y75         FDCE (Remov_fdce_C_CLR)     -0.092     1.043    system_i/sc_shd_axi_wrapper_0/inst/u_core/output_v_sum_packed_reg[484]
  -------------------------------------------------------------------
                         required time                         -1.043    
                         arrival time                           1.862    
  -------------------------------------------------------------------
                         slack                                  0.819    

Slack (MET) :             0.819ns  (arrival time - required time)
  Source:                 system_i/rst_ps7_0_50M/U0/ACTIVE_LOW_PR_OUT_DFF[0].FDRE_PER_N/C
                            (rising edge-triggered cell FDRE clocked by clk_fpga_0  {rise@0.000ns fall@10.000ns period=20.000ns})
  Destination:            system_i/sc_shd_axi_wrapper_0/inst/u_core/output_v_sum_packed_reg[485]/CLR
                            (removal check against rising-edge clock clk_fpga_0  {rise@0.000ns fall@10.000ns period=20.000ns})
  Path Group:             **async_default**
  Path Type:              Removal (Min at Fast Process Corner)
  Requirement:            0.000ns  (clk_fpga_0 rise@0.000ns - clk_fpga_0 rise@0.000ns)
  Data Path Delay:        0.980ns  (logic 0.186ns (18.970%)  route 0.794ns (81.030%))
  Logic Levels:           1  (LUT1=1)
  Clock Path Skew:        0.253ns (DCD - SCD - CPR)
    Destination Clock Delay (DCD):    1.170ns
    Source Clock Delay      (SCD):    0.882ns
    Clock Pessimism Removal (CPR):    0.035ns

    Location             Delay type                Incr(ns)  Path(ns)    Netlist Resource(s)
  -------------------------------------------------------------------    -------------------
                         (clock clk_fpga_0 rise edge)
                                                      0.000     0.000 r  
    PS7_X0Y0             PS7                          0.000     0.000 r  system_i/processing_system7_0/inst/PS7_i/FCLKCLK[0]
                         net (fo=1, routed)           0.310     0.310    system_i/processing_system7_0/inst/FCLK_CLK_unbuffered[0]
    BUFGCTRL_X0Y16       BUFG (Prop_bufg_I_O)         0.026     0.336 r  system_i/processing_system7_0/inst/buffer_fclk_clk_0.FCLK_CLK_0_BUFG/O
                         net (fo=1456, routed)        0.546     0.882    system_i/rst_ps7_0_50M/U0/slowest_sync_clk
    SLICE_X48Y70         FDRE                                         r  system_i/rst_ps7_0_50M/U0/ACTIVE_LOW_PR_OUT_DFF[0].FDRE_PER_N/C
  -------------------------------------------------------------------    -------------------
    SLICE_X48Y70         FDRE (Prop_fdre_C_Q)         0.141     1.023 r  system_i/rst_ps7_0_50M/U0/ACTIVE_LOW_PR_OUT_DFF[0].FDRE_PER_N/Q
                         net (fo=13, routed)          0.216     1.238    system_i/sc_shd_axi_wrapper_0/inst/u_core/dense3/S_AXI_ARESETN
    SLICE_X47Y70         LUT1 (Prop_lut1_I0_O)        0.045     1.283 f  system_i/sc_shd_axi_wrapper_0/inst/u_core/dense3/axi_awready_i_1/O
                         net (fo=833, routed)         0.579     1.862    system_i/sc_shd_axi_wrapper_0/inst/u_core/p_0_in__0
    SLICE_X51Y75         FDCE                                         f  system_i/sc_shd_axi_wrapper_0/inst/u_core/output_v_sum_packed_reg[485]/CLR
  -------------------------------------------------------------------    -------------------

                         (clock clk_fpga_0 rise edge)
                                                      0.000     0.000 r  
    PS7_X0Y0             PS7                          0.000     0.000 r  system_i/processing_system7_0/inst/PS7_i/FCLKCLK[0]
                         net (fo=1, routed)           0.337     0.337    system_i/processing_system7_0/inst/FCLK_CLK_unbuffered[0]
    BUFGCTRL_X0Y16       BUFG (Prop_bufg_I_O)         0.029     0.366 r  system_i/processing_system7_0/inst/buffer_fclk_clk_0.FCLK_CLK_0_BUFG/O
                         net (fo=1456, routed)        0.804     1.170    system_i/sc_shd_axi_wrapper_0/inst/u_core/S_AXI_ACLK
    SLICE_X51Y75         FDCE                                         r  system_i/sc_shd_axi_wrapper_0/inst/u_core/output_v_sum_packed_reg[485]/C
                         clock pessimism             -0.035     1.135    
    SLICE_X51Y75         FDCE (Remov_fdce_C_CLR)     -0.092     1.043    system_i/sc_shd_axi_wrapper_0/inst/u_core/output_v_sum_packed_reg[485]
  -------------------------------------------------------------------
                         required time                         -1.043    
                         arrival time                           1.862    
  -------------------------------------------------------------------
                         slack                                  0.819    

Slack (MET) :             0.847ns  (arrival time - required time)
  Source:                 system_i/rst_ps7_0_50M/U0/ACTIVE_LOW_PR_OUT_DFF[0].FDRE_PER_N/C
                            (rising edge-triggered cell FDRE clocked by clk_fpga_0  {rise@0.000ns fall@10.000ns period=20.000ns})
  Destination:            system_i/sc_shd_axi_wrapper_0/inst/u_core/output_v_sum_packed_reg[164]/CLR
                            (removal check against rising-edge clock clk_fpga_0  {rise@0.000ns fall@10.000ns period=20.000ns})
  Path Group:             **async_default**
  Path Type:              Removal (Min at Fast Process Corner)
  Requirement:            0.000ns  (clk_fpga_0 rise@0.000ns - clk_fpga_0 rise@0.000ns)
  Data Path Delay:        0.783ns  (logic 0.186ns (23.761%)  route 0.597ns (76.239%))
  Logic Levels:           1  (LUT1=1)
  Clock Path Skew:        0.028ns (DCD - SCD - CPR)
    Destination Clock Delay (DCD):    1.174ns
    Source Clock Delay      (SCD):    0.882ns
    Clock Pessimism Removal (CPR):    0.264ns

    Location             Delay type                Incr(ns)  Path(ns)    Netlist Resource(s)
  -------------------------------------------------------------------    -------------------
                         (clock clk_fpga_0 rise edge)
                                                      0.000     0.000 r  
    PS7_X0Y0             PS7                          0.000     0.000 r  system_i/processing_system7_0/inst/PS7_i/FCLKCLK[0]
                         net (fo=1, routed)           0.310     0.310    system_i/processing_system7_0/inst/FCLK_CLK_unbuffered[0]
    BUFGCTRL_X0Y16       BUFG (Prop_bufg_I_O)         0.026     0.336 r  system_i/processing_system7_0/inst/buffer_fclk_clk_0.FCLK_CLK_0_BUFG/O
                         net (fo=1456, routed)        0.546     0.882    system_i/rst_ps7_0_50M/U0/slowest_sync_clk
    SLICE_X48Y70         FDRE                                         r  system_i/rst_ps7_0_50M/U0/ACTIVE_LOW_PR_OUT_DFF[0].FDRE_PER_N/C
  -------------------------------------------------------------------    -------------------
    SLICE_X48Y70         FDRE (Prop_fdre_C_Q)         0.141     1.023 r  system_i/rst_ps7_0_50M/U0/ACTIVE_LOW_PR_OUT_DFF[0].FDRE_PER_N/Q
                         net (fo=13, routed)          0.216     1.238    system_i/sc_shd_axi_wrapper_0/inst/u_core/dense3/S_AXI_ARESETN
    SLICE_X47Y70         LUT1 (Prop_lut1_I0_O)        0.045     1.283 f  system_i/sc_shd_axi_wrapper_0/inst/u_core/dense3/axi_awready_i_1/O
                         net (fo=833, routed)         0.381     1.664    system_i/sc_shd_axi_wrapper_0/inst/u_core/p_0_in__0
    SLICE_X47Y74         FDCE                                         f  system_i/sc_shd_axi_wrapper_0/inst/u_core/output_v_sum_packed_reg[164]/CLR
  -------------------------------------------------------------------    -------------------

                         (clock clk_fpga_0 rise edge)
                                                      0.000     0.000 r  
    PS7_X0Y0             PS7                          0.000     0.000 r  system_i/processing_system7_0/inst/PS7_i/FCLKCLK[0]
                         net (fo=1, routed)           0.337     0.337    system_i/processing_system7_0/inst/FCLK_CLK_unbuffered[0]
    BUFGCTRL_X0Y16       BUFG (Prop_bufg_I_O)         0.029     0.366 r  system_i/processing_system7_0/inst/buffer_fclk_clk_0.FCLK_CLK_0_BUFG/O
                         net (fo=1456, routed)        0.808     1.174    system_i/sc_shd_axi_wrapper_0/inst/u_core/S_AXI_ACLK
    SLICE_X47Y74         FDCE                                         r  system_i/sc_shd_axi_wrapper_0/inst/u_core/output_v_sum_packed_reg[164]/C
                         clock pessimism             -0.264     0.910    
    SLICE_X47Y74         FDCE (Remov_fdce_C_CLR)     -0.092     0.818    system_i/sc_shd_axi_wrapper_0/inst/u_core/output_v_sum_packed_reg[164]
  -------------------------------------------------------------------
                         required time                         -0.818    
                         arrival time                           1.664    
  -------------------------------------------------------------------
                         slack                                  0.847    

Slack (MET) :             0.847ns  (arrival time - required time)
  Source:                 system_i/rst_ps7_0_50M/U0/ACTIVE_LOW_PR_OUT_DFF[0].FDRE_PER_N/C
                            (rising edge-triggered cell FDRE clocked by clk_fpga_0  {rise@0.000ns fall@10.000ns period=20.000ns})
  Destination:            system_i/sc_shd_axi_wrapper_0/inst/u_core/output_v_sum_packed_reg[165]/CLR
                            (removal check against rising-edge clock clk_fpga_0  {rise@0.000ns fall@10.000ns period=20.000ns})
  Path Group:             **async_default**
  Path Type:              Removal (Min at Fast Process Corner)
  Requirement:            0.000ns  (clk_fpga_0 rise@0.000ns - clk_fpga_0 rise@0.000ns)
  Data Path Delay:        0.783ns  (logic 0.186ns (23.761%)  route 0.597ns (76.239%))
  Logic Levels:           1  (LUT1=1)
  Clock Path Skew:        0.028ns (DCD - SCD - CPR)
    Destination Clock Delay (DCD):    1.174ns
    Source Clock Delay      (SCD):    0.882ns
    Clock Pessimism Removal (CPR):    0.264ns

    Location             Delay type                Incr(ns)  Path(ns)    Netlist Resource(s)
  -------------------------------------------------------------------    -------------------
                         (clock clk_fpga_0 rise edge)
                                                      0.000     0.000 r  
    PS7_X0Y0             PS7                          0.000     0.000 r  system_i/processing_system7_0/inst/PS7_i/FCLKCLK[0]
                         net (fo=1, routed)           0.310     0.310    system_i/processing_system7_0/inst/FCLK_CLK_unbuffered[0]
    BUFGCTRL_X0Y16       BUFG (Prop_bufg_I_O)         0.026     0.336 r  system_i/processing_system7_0/inst/buffer_fclk_clk_0.FCLK_CLK_0_BUFG/O
                         net (fo=1456, routed)        0.546     0.882    system_i/rst_ps7_0_50M/U0/slowest_sync_clk
    SLICE_X48Y70         FDRE                                         r  system_i/rst_ps7_0_50M/U0/ACTIVE_LOW_PR_OUT_DFF[0].FDRE_PER_N/C
  -------------------------------------------------------------------    -------------------
    SLICE_X48Y70         FDRE (Prop_fdre_C_Q)         0.141     1.023 r  system_i/rst_ps7_0_50M/U0/ACTIVE_LOW_PR_OUT_DFF[0].FDRE_PER_N/Q
                         net (fo=13, routed)          0.216     1.238    system_i/sc_shd_axi_wrapper_0/inst/u_core/dense3/S_AXI_ARESETN
    SLICE_X47Y70         LUT1 (Prop_lut1_I0_O)        0.045     1.283 f  system_i/sc_shd_axi_wrapper_0/inst/u_core/dense3/axi_awready_i_1/O
                         net (fo=833, routed)         0.381     1.664    system_i/sc_shd_axi_wrapper_0/inst/u_core/p_0_in__0
    SLICE_X47Y74         FDCE                                         f  system_i/sc_shd_axi_wrapper_0/inst/u_core/output_v_sum_packed_reg[165]/CLR
  -------------------------------------------------------------------    -------------------

                         (clock clk_fpga_0 rise edge)
                                                      0.000     0.000 r  
    PS7_X0Y0             PS7                          0.000     0.000 r  system_i/processing_system7_0/inst/PS7_i/FCLKCLK[0]
                         net (fo=1, routed)           0.337     0.337    system_i/processing_system7_0/inst/FCLK_CLK_unbuffered[0]
    BUFGCTRL_X0Y16       BUFG (Prop_bufg_I_O)         0.029     0.366 r  system_i/processing_system7_0/inst/buffer_fclk_clk_0.FCLK_CLK_0_BUFG/O
                         net (fo=1456, routed)        0.808     1.174    system_i/sc_shd_axi_wrapper_0/inst/u_core/S_AXI_ACLK
    SLICE_X47Y74         FDCE                                         r  system_i/sc_shd_axi_wrapper_0/inst/u_core/output_v_sum_packed_reg[165]/C
                         clock pessimism             -0.264     0.910    
    SLICE_X47Y74         FDCE (Remov_fdce_C_CLR)     -0.092     0.818    system_i/sc_shd_axi_wrapper_0/inst/u_core/output_v_sum_packed_reg[165]
  -------------------------------------------------------------------
                         required time                         -0.818    
                         arrival time                           1.664    
  -------------------------------------------------------------------
                         slack                                  0.847    





--------------------------------------------------------------------------------------
Path Group:  (none)
From Clock:  
  To Clock:  clk_fpga_0

Max Delay             1 Endpoint
Min Delay             1 Endpoint
--------------------------------------------------------------------------------------


Max Delay Paths
--------------------------------------------------------------------------------------
Slack:                    inf
  Source:                 system_i/processing_system7_0/inst/PS7_i/FCLKRESETN[0]
                            (internal pin)
  Destination:            system_i/rst_ps7_0_50M/U0/EXT_LPF/ACTIVE_LOW_EXT.ACT_LO_EXT/syncstages_ff_reg[0]/D
                            (rising edge-triggered cell FDRE clocked by clk_fpga_0  {rise@0.000ns fall@10.000ns period=20.000ns})
  Path Group:             (none)
  Path Type:              Setup (Max at Slow Process Corner)
  Data Path Delay:        2.122ns  (logic 0.124ns (5.844%)  route 1.998ns (94.156%))
  Logic Levels:           1  (LUT1=1)
  Clock Uncertainty:      0.301ns  ((TSJ^2 + TIJ^2)^1/2 + DJ) / 2 + PE
    Total System Jitter     (TSJ):    0.050ns
    Total Input Jitter      (TIJ):    0.600ns
    Discrete Jitter          (DJ):    0.000ns
    Phase Error              (PE):    0.000ns
  Timing Exception:       False Path

    Location             Delay type                Incr(ns)  Path(ns)    Netlist Resource(s)
  -------------------------------------------------------------------    -------------------
    PS7_X0Y0             PS7                          0.000     0.000 f  system_i/processing_system7_0/inst/PS7_i/FCLKRESETN[0]
                         net (fo=1, routed)           1.998     1.998    system_i/rst_ps7_0_50M/U0/EXT_LPF/ext_reset_in
    SLICE_X54Y73         LUT1 (Prop_lut1_I0_O)        0.124     2.122 r  system_i/rst_ps7_0_50M/U0/EXT_LPF/ACTIVE_LOW_EXT.ACT_LO_EXT_i_1/O
                         net (fo=1, routed)           0.000     2.122    system_i/rst_ps7_0_50M/U0/EXT_LPF/ACTIVE_LOW_EXT.ACT_LO_EXT/src_in
    SLICE_X54Y73         FDRE                                         r  system_i/rst_ps7_0_50M/U0/EXT_LPF/ACTIVE_LOW_EXT.ACT_LO_EXT/syncstages_ff_reg[0]/D
  -------------------------------------------------------------------    -------------------

                         (clock clk_fpga_0 rise edge)
                                                      0.000     0.000 r  
    PS7_X0Y0             PS7                          0.000     0.000 r  system_i/processing_system7_0/inst/PS7_i/FCLKCLK[0]
                         net (fo=1, routed)           1.088     1.088    system_i/processing_system7_0/inst/FCLK_CLK_unbuffered[0]
    BUFGCTRL_X0Y16       BUFG (Prop_bufg_I_O)         0.091     1.179 r  system_i/processing_system7_0/inst/buffer_fclk_clk_0.FCLK_CLK_0_BUFG/O
                         net (fo=1456, routed)        1.521     2.700    system_i/rst_ps7_0_50M/U0/EXT_LPF/ACTIVE_LOW_EXT.ACT_LO_EXT/dest_clk
    SLICE_X54Y73         FDRE                                         r  system_i/rst_ps7_0_50M/U0/EXT_LPF/ACTIVE_LOW_EXT.ACT_LO_EXT/syncstages_ff_reg[0]/C





Min Delay Paths
--------------------------------------------------------------------------------------
Slack:                    inf
  Source:                 system_i/processing_system7_0/inst/PS7_i/FCLKRESETN[0]
                            (internal pin)
  Destination:            system_i/rst_ps7_0_50M/U0/EXT_LPF/ACTIVE_LOW_EXT.ACT_LO_EXT/syncstages_ff_reg[0]/D
                            (rising edge-triggered cell FDRE clocked by clk_fpga_0  {rise@0.000ns fall@10.000ns period=20.000ns})
  Path Group:             (none)
  Path Type:              Hold (Min at Fast Process Corner)
  Data Path Delay:        0.957ns  (logic 0.045ns (4.703%)  route 0.912ns (95.297%))
  Logic Levels:           1  (LUT1=1)
  Clock Uncertainty:      0.301ns  ((TSJ^2 + TIJ^2)^1/2 + DJ) / 2 + PE
    Total System Jitter     (TSJ):    0.050ns
    Total Input Jitter      (TIJ):    0.600ns
    Discrete Jitter          (DJ):    0.000ns
    Phase Error              (PE):    0.000ns
  Timing Exception:       False Path

    Location             Delay type                Incr(ns)  Path(ns)    Netlist Resource(s)
  -------------------------------------------------------------------    -------------------
    PS7_X0Y0             PS7                          0.000     0.000 f  system_i/processing_system7_0/inst/PS7_i/FCLKRESETN[0]
                         net (fo=1, routed)           0.912     0.912    system_i/rst_ps7_0_50M/U0/EXT_LPF/ext_reset_in
    SLICE_X54Y73         LUT1 (Prop_lut1_I0_O)        0.045     0.957 r  system_i/rst_ps7_0_50M/U0/EXT_LPF/ACTIVE_LOW_EXT.ACT_LO_EXT_i_1/O
                         net (fo=1, routed)           0.000     0.957    system_i/rst_ps7_0_50M/U0/EXT_LPF/ACTIVE_LOW_EXT.ACT_LO_EXT/src_in
    SLICE_X54Y73         FDRE                                         r  system_i/rst_ps7_0_50M/U0/EXT_LPF/ACTIVE_LOW_EXT.ACT_LO_EXT/syncstages_ff_reg[0]/D
  -------------------------------------------------------------------    -------------------

                         (clock clk_fpga_0 rise edge)
                                                      0.000     0.000 r  
    PS7_X0Y0             PS7                          0.000     0.000 r  system_i/processing_system7_0/inst/PS7_i/FCLKCLK[0]
                         net (fo=1, routed)           0.337     0.337    system_i/processing_system7_0/inst/FCLK_CLK_unbuffered[0]
    BUFGCTRL_X0Y16       BUFG (Prop_bufg_I_O)         0.029     0.366 r  system_i/processing_system7_0/inst/buffer_fclk_clk_0.FCLK_CLK_0_BUFG/O
                         net (fo=1456, routed)        0.830     1.196    system_i/rst_ps7_0_50M/U0/EXT_LPF/ACTIVE_LOW_EXT.ACT_LO_EXT/dest_clk
    SLICE_X54Y73         FDRE                                         r  system_i/rst_ps7_0_50M/U0/EXT_LPF/ACTIVE_LOW_EXT.ACT_LO_EXT/syncstages_ff_reg[0]/C





--------------------------------------------------------------------------------------
Path Group:  (none)
From Clock:  clk_fpga_0
  To Clock:  clk_fpga_0

Max Delay            28 Endpoints
Min Delay            28 Endpoints
--------------------------------------------------------------------------------------


Max Delay Paths
--------------------------------------------------------------------------------------
Slack:                    inf
  Source:                 system_i/axi_smc/inst/clk_map/psr_aclk/U0/ACTIVE_LOW_BSR_OUT_DFF[0].FDRE_BSR_N/C
                            (rising edge-triggered cell FDRE clocked by clk_fpga_0  {rise@0.000ns fall@10.000ns period=20.000ns})
  Destination:            system_i/axi_smc/inst/s00_nodes/s00_b_node/inst/s_sc_xpm_cdc_async_rst_inst/arststages_ff_reg[0]/CLR
                            (recovery check against rising-edge clock clk_fpga_0  {rise@0.000ns fall@10.000ns period=20.000ns})
  Path Group:             (none)
  Path Type:              Recovery (Max at Slow Process Corner)
  Data Path Delay:        3.858ns  (logic 0.609ns (15.785%)  route 3.249ns (84.215%))
  Logic Levels:           1  (LUT1=1)
  Clock Path Skew:        -0.101ns (DCD - SCD + CPR)
    Destination Clock Delay (DCD):    2.833ns
    Source Clock Delay      (SCD):    2.934ns
    Clock Pessimism Removal (CPR):    0.000ns
  Clock Uncertainty:      0.302ns  ((TSJ^2 + TIJ^2)^1/2 + DJ) / 2 + PE
    Total System Jitter     (TSJ):    0.071ns
    Total Input Jitter      (TIJ):    0.600ns
    Discrete Jitter          (DJ):    0.000ns
    Phase Error              (PE):    0.000ns
  Timing Exception:       False Path

    Location             Delay type                Incr(ns)  Path(ns)    Netlist Resource(s)
  -------------------------------------------------------------------    -------------------
                         (clock clk_fpga_0 rise edge)
                                                      0.000     0.000 r  
    PS7_X0Y0             PS7                          0.000     0.000 r  system_i/processing_system7_0/inst/PS7_i/FCLKCLK[0]
                         net (fo=1, routed)           1.193     1.193    system_i/processing_system7_0/inst/FCLK_CLK_unbuffered[0]
    BUFGCTRL_X0Y16       BUFG (Prop_bufg_I_O)         0.101     1.294 r  system_i/processing_system7_0/inst/buffer_fclk_clk_0.FCLK_CLK_0_BUFG/O
                         net (fo=1456, routed)        1.640     2.934    system_i/axi_smc/inst/clk_map/psr_aclk/U0/aclk
    SLICE_X44Y68         FDRE                                         r  system_i/axi_smc/inst/clk_map/psr_aclk/U0/ACTIVE_LOW_BSR_OUT_DFF[0].FDRE_BSR_N/C
  -------------------------------------------------------------------    -------------------
    SLICE_X44Y68         FDRE (Prop_fdre_C_Q)         0.456     3.390 r  system_i/axi_smc/inst/clk_map/psr_aclk/U0/ACTIVE_LOW_BSR_OUT_DFF[0].FDRE_BSR_N/Q
                         net (fo=9, routed)           2.489     5.879    system_i/axi_smc/inst/s00_nodes/s00_b_node/inst/s_sc_xpm_cdc_async_rst_inst/src_arst
    SLICE_X38Y97         LUT1 (Prop_lut1_I0_O)        0.153     6.032 f  system_i/axi_smc/inst/s00_nodes/s00_b_node/inst/s_sc_xpm_cdc_async_rst_inst/arststages_ff[2]_i_1/O
                         net (fo=3, routed)           0.760     6.792    system_i/axi_smc/inst/s00_nodes/s00_b_node/inst/s_sc_xpm_cdc_async_rst_inst/reset_pol
    SLICE_X37Y100        FDCE                                         f  system_i/axi_smc/inst/s00_nodes/s00_b_node/inst/s_sc_xpm_cdc_async_rst_inst/arststages_ff_reg[0]/CLR
  -------------------------------------------------------------------    -------------------

                         (clock clk_fpga_0 rise edge)
                                                      0.000     0.000 r  
    PS7_X0Y0             PS7                          0.000     0.000 r  system_i/processing_system7_0/inst/PS7_i/FCLKCLK[0]
                         net (fo=1, routed)           1.088     1.088    system_i/processing_system7_0/inst/FCLK_CLK_unbuffered[0]
    BUFGCTRL_X0Y16       BUFG (Prop_bufg_I_O)         0.091     1.179 r  system_i/processing_system7_0/inst/buffer_fclk_clk_0.FCLK_CLK_0_BUFG/O
                         net (fo=1456, routed)        1.654     2.833    system_i/axi_smc/inst/s00_nodes/s00_b_node/inst/s_sc_xpm_cdc_async_rst_inst/dest_clk
    SLICE_X37Y100        FDCE                                         r  system_i/axi_smc/inst/s00_nodes/s00_b_node/inst/s_sc_xpm_cdc_async_rst_inst/arststages_ff_reg[0]/C

Slack:                    inf
  Source:                 system_i/axi_smc/inst/clk_map/psr_aclk/U0/ACTIVE_LOW_BSR_OUT_DFF[0].FDRE_BSR_N/C
                            (rising edge-triggered cell FDRE clocked by clk_fpga_0  {rise@0.000ns fall@10.000ns period=20.000ns})
  Destination:            system_i/axi_smc/inst/s00_nodes/s00_b_node/inst/s_sc_xpm_cdc_async_rst_inst/arststages_ff_reg[1]/CLR
                            (recovery check against rising-edge clock clk_fpga_0  {rise@0.000ns fall@10.000ns period=20.000ns})
  Path Group:             (none)
  Path Type:              Recovery (Max at Slow Process Corner)
  Data Path Delay:        3.858ns  (logic 0.609ns (15.785%)  route 3.249ns (84.215%))
  Logic Levels:           1  (LUT1=1)
  Clock Path Skew:        -0.101ns (DCD - SCD + CPR)
    Destination Clock Delay (DCD):    2.833ns
    Source Clock Delay      (SCD):    2.934ns
    Clock Pessimism Removal (CPR):    0.000ns
  Clock Uncertainty:      0.302ns  ((TSJ^2 + TIJ^2)^1/2 + DJ) / 2 + PE
    Total System Jitter     (TSJ):    0.071ns
    Total Input Jitter      (TIJ):    0.600ns
    Discrete Jitter          (DJ):    0.000ns
    Phase Error              (PE):    0.000ns
  Timing Exception:       False Path

    Location             Delay type                Incr(ns)  Path(ns)    Netlist Resource(s)
  -------------------------------------------------------------------    -------------------
                         (clock clk_fpga_0 rise edge)
                                                      0.000     0.000 r  
    PS7_X0Y0             PS7                          0.000     0.000 r  system_i/processing_system7_0/inst/PS7_i/FCLKCLK[0]
                         net (fo=1, routed)           1.193     1.193    system_i/processing_system7_0/inst/FCLK_CLK_unbuffered[0]
    BUFGCTRL_X0Y16       BUFG (Prop_bufg_I_O)         0.101     1.294 r  system_i/processing_system7_0/inst/buffer_fclk_clk_0.FCLK_CLK_0_BUFG/O
                         net (fo=1456, routed)        1.640     2.934    system_i/axi_smc/inst/clk_map/psr_aclk/U0/aclk
    SLICE_X44Y68         FDRE                                         r  system_i/axi_smc/inst/clk_map/psr_aclk/U0/ACTIVE_LOW_BSR_OUT_DFF[0].FDRE_BSR_N/C
  -------------------------------------------------------------------    -------------------
    SLICE_X44Y68         FDRE (Prop_fdre_C_Q)         0.456     3.390 r  system_i/axi_smc/inst/clk_map/psr_aclk/U0/ACTIVE_LOW_BSR_OUT_DFF[0].FDRE_BSR_N/Q
                         net (fo=9, routed)           2.489     5.879    system_i/axi_smc/inst/s00_nodes/s00_b_node/inst/s_sc_xpm_cdc_async_rst_inst/src_arst
    SLICE_X38Y97         LUT1 (Prop_lut1_I0_O)        0.153     6.032 f  system_i/axi_smc/inst/s00_nodes/s00_b_node/inst/s_sc_xpm_cdc_async_rst_inst/arststages_ff[2]_i_1/O
                         net (fo=3, routed)           0.760     6.792    system_i/axi_smc/inst/s00_nodes/s00_b_node/inst/s_sc_xpm_cdc_async_rst_inst/reset_pol
    SLICE_X37Y100        FDCE                                         f  system_i/axi_smc/inst/s00_nodes/s00_b_node/inst/s_sc_xpm_cdc_async_rst_inst/arststages_ff_reg[1]/CLR
  -------------------------------------------------------------------    -------------------

                         (clock clk_fpga_0 rise edge)
                                                      0.000     0.000 r  
    PS7_X0Y0             PS7                          0.000     0.000 r  system_i/processing_system7_0/inst/PS7_i/FCLKCLK[0]
                         net (fo=1, routed)           1.088     1.088    system_i/processing_system7_0/inst/FCLK_CLK_unbuffered[0]
    BUFGCTRL_X0Y16       BUFG (Prop_bufg_I_O)         0.091     1.179 r  system_i/processing_system7_0/inst/buffer_fclk_clk_0.FCLK_CLK_0_BUFG/O
                         net (fo=1456, routed)        1.654     2.833    system_i/axi_smc/inst/s00_nodes/s00_b_node/inst/s_sc_xpm_cdc_async_rst_inst/dest_clk
    SLICE_X37Y100        FDCE                                         r  system_i/axi_smc/inst/s00_nodes/s00_b_node/inst/s_sc_xpm_cdc_async_rst_inst/arststages_ff_reg[1]/C

Slack:                    inf
  Source:                 system_i/axi_smc/inst/clk_map/psr_aclk/U0/ACTIVE_LOW_BSR_OUT_DFF[0].FDRE_BSR_N/C
                            (rising edge-triggered cell FDRE clocked by clk_fpga_0  {rise@0.000ns fall@10.000ns period=20.000ns})
  Destination:            system_i/axi_smc/inst/s00_nodes/s00_b_node/inst/s_sc_xpm_cdc_async_rst_inst/arststages_ff_reg[2]/CLR
                            (recovery check against rising-edge clock clk_fpga_0  {rise@0.000ns fall@10.000ns period=20.000ns})
  Path Group:             (none)
  Path Type:              Recovery (Max at Slow Process Corner)
  Data Path Delay:        3.858ns  (logic 0.609ns (15.785%)  route 3.249ns (84.215%))
  Logic Levels:           1  (LUT1=1)
  Clock Path Skew:        -0.101ns (DCD - SCD + CPR)
    Destination Clock Delay (DCD):    2.833ns
    Source Clock Delay      (SCD):    2.934ns
    Clock Pessimism Removal (CPR):    0.000ns
  Clock Uncertainty:      0.302ns  ((TSJ^2 + TIJ^2)^1/2 + DJ) / 2 + PE
    Total System Jitter     (TSJ):    0.071ns
    Total Input Jitter      (TIJ):    0.600ns
    Discrete Jitter          (DJ):    0.000ns
    Phase Error              (PE):    0.000ns
  Timing Exception:       False Path

    Location             Delay type                Incr(ns)  Path(ns)    Netlist Resource(s)
  -------------------------------------------------------------------    -------------------
                         (clock clk_fpga_0 rise edge)
                                                      0.000     0.000 r  
    PS7_X0Y0             PS7                          0.000     0.000 r  system_i/processing_system7_0/inst/PS7_i/FCLKCLK[0]
                         net (fo=1, routed)           1.193     1.193    system_i/processing_system7_0/inst/FCLK_CLK_unbuffered[0]
    BUFGCTRL_X0Y16       BUFG (Prop_bufg_I_O)         0.101     1.294 r  system_i/processing_system7_0/inst/buffer_fclk_clk_0.FCLK_CLK_0_BUFG/O
                         net (fo=1456, routed)        1.640     2.934    system_i/axi_smc/inst/clk_map/psr_aclk/U0/aclk
    SLICE_X44Y68         FDRE                                         r  system_i/axi_smc/inst/clk_map/psr_aclk/U0/ACTIVE_LOW_BSR_OUT_DFF[0].FDRE_BSR_N/C
  -------------------------------------------------------------------    -------------------
    SLICE_X44Y68         FDRE (Prop_fdre_C_Q)         0.456     3.390 r  system_i/axi_smc/inst/clk_map/psr_aclk/U0/ACTIVE_LOW_BSR_OUT_DFF[0].FDRE_BSR_N/Q
                         net (fo=9, routed)           2.489     5.879    system_i/axi_smc/inst/s00_nodes/s00_b_node/inst/s_sc_xpm_cdc_async_rst_inst/src_arst
    SLICE_X38Y97         LUT1 (Prop_lut1_I0_O)        0.153     6.032 f  system_i/axi_smc/inst/s00_nodes/s00_b_node/inst/s_sc_xpm_cdc_async_rst_inst/arststages_ff[2]_i_1/O
                         net (fo=3, routed)           0.760     6.792    system_i/axi_smc/inst/s00_nodes/s00_b_node/inst/s_sc_xpm_cdc_async_rst_inst/reset_pol
    SLICE_X37Y100        FDCE                                         f  system_i/axi_smc/inst/s00_nodes/s00_b_node/inst/s_sc_xpm_cdc_async_rst_inst/arststages_ff_reg[2]/CLR
  -------------------------------------------------------------------    -------------------

                         (clock clk_fpga_0 rise edge)
                                                      0.000     0.000 r  
    PS7_X0Y0             PS7                          0.000     0.000 r  system_i/processing_system7_0/inst/PS7_i/FCLKCLK[0]
                         net (fo=1, routed)           1.088     1.088    system_i/processing_system7_0/inst/FCLK_CLK_unbuffered[0]
    BUFGCTRL_X0Y16       BUFG (Prop_bufg_I_O)         0.091     1.179 r  system_i/processing_system7_0/inst/buffer_fclk_clk_0.FCLK_CLK_0_BUFG/O
                         net (fo=1456, routed)        1.654     2.833    system_i/axi_smc/inst/s00_nodes/s00_b_node/inst/s_sc_xpm_cdc_async_rst_inst/dest_clk
    SLICE_X37Y100        FDCE                                         r  system_i/axi_smc/inst/s00_nodes/s00_b_node/inst/s_sc_xpm_cdc_async_rst_inst/arststages_ff_reg[2]/C

Slack:                    inf
  Source:                 system_i/axi_smc/inst/clk_map/psr_aclk/U0/ACTIVE_LOW_BSR_OUT_DFF[0].FDRE_BSR_N/C
                            (rising edge-triggered cell FDRE clocked by clk_fpga_0  {rise@0.000ns fall@10.000ns period=20.000ns})
  Destination:            system_i/axi_smc/inst/s00_nodes/s00_w_node/inst/s_sc_xpm_cdc_async_rst_inst/arststages_ff_reg[0]/CLR
                            (recovery check against rising-edge clock clk_fpga_0  {rise@0.000ns fall@10.000ns period=20.000ns})
  Path Group:             (none)
  Path Type:              Recovery (Max at Slow Process Corner)
  Data Path Delay:        3.672ns  (logic 0.580ns (15.794%)  route 3.092ns (84.206%))
  Logic Levels:           1  (LUT1=1)
  Clock Path Skew:        -0.275ns (DCD - SCD + CPR)
    Destination Clock Delay (DCD):    2.659ns
    Source Clock Delay      (SCD):    2.934ns
    Clock Pessimism Removal (CPR):    0.000ns
  Clock Uncertainty:      0.302ns  ((TSJ^2 + TIJ^2)^1/2 + DJ) / 2 + PE
    Total System Jitter     (TSJ):    0.071ns
    Total Input Jitter      (TIJ):    0.600ns
    Discrete Jitter          (DJ):    0.000ns
    Phase Error              (PE):    0.000ns
  Timing Exception:       False Path

    Location             Delay type                Incr(ns)  Path(ns)    Netlist Resource(s)
  -------------------------------------------------------------------    -------------------
                         (clock clk_fpga_0 rise edge)
                                                      0.000     0.000 r  
    PS7_X0Y0             PS7                          0.000     0.000 r  system_i/processing_system7_0/inst/PS7_i/FCLKCLK[0]
                         net (fo=1, routed)           1.193     1.193    system_i/processing_system7_0/inst/FCLK_CLK_unbuffered[0]
    BUFGCTRL_X0Y16       BUFG (Prop_bufg_I_O)         0.101     1.294 r  system_i/processing_system7_0/inst/buffer_fclk_clk_0.FCLK_CLK_0_BUFG/O
                         net (fo=1456, routed)        1.640     2.934    system_i/axi_smc/inst/clk_map/psr_aclk/U0/aclk
    SLICE_X44Y68         FDRE                                         r  system_i/axi_smc/inst/clk_map/psr_aclk/U0/ACTIVE_LOW_BSR_OUT_DFF[0].FDRE_BSR_N/C
  -------------------------------------------------------------------    -------------------
    SLICE_X44Y68         FDRE (Prop_fdre_C_Q)         0.456     3.390 r  system_i/axi_smc/inst/clk_map/psr_aclk/U0/ACTIVE_LOW_BSR_OUT_DFF[0].FDRE_BSR_N/Q
                         net (fo=9, routed)           2.479     5.869    system_i/axi_smc/inst/s00_nodes/s00_w_node/inst/s_sc_xpm_cdc_async_rst_inst/src_arst
    SLICE_X38Y99         LUT1 (Prop_lut1_I0_O)        0.124     5.993 f  system_i/axi_smc/inst/s00_nodes/s00_w_node/inst/s_sc_xpm_cdc_async_rst_inst/arststages_ff[2]_i_1/O
                         net (fo=3, routed)           0.613     6.606    system_i/axi_smc/inst/s00_nodes/s00_w_node/inst/s_sc_xpm_cdc_async_rst_inst/reset_pol
    SLICE_X38Y99         FDCE                                         f  system_i/axi_smc/inst/s00_nodes/s00_w_node/inst/s_sc_xpm_cdc_async_rst_inst/arststages_ff_reg[0]/CLR
  -------------------------------------------------------------------    -------------------

                         (clock clk_fpga_0 rise edge)
                                                      0.000     0.000 r  
    PS7_X0Y0             PS7                          0.000     0.000 r  system_i/processing_system7_0/inst/PS7_i/FCLKCLK[0]
                         net (fo=1, routed)           1.088     1.088    system_i/processing_system7_0/inst/FCLK_CLK_unbuffered[0]
    BUFGCTRL_X0Y16       BUFG (Prop_bufg_I_O)         0.091     1.179 r  system_i/processing_system7_0/inst/buffer_fclk_clk_0.FCLK_CLK_0_BUFG/O
                         net (fo=1456, routed)        1.480     2.659    system_i/axi_smc/inst/s00_nodes/s00_w_node/inst/s_sc_xpm_cdc_async_rst_inst/dest_clk
    SLICE_X38Y99         FDCE                                         r  system_i/axi_smc/inst/s00_nodes/s00_w_node/inst/s_sc_xpm_cdc_async_rst_inst/arststages_ff_reg[0]/C

Slack:                    inf
  Source:                 system_i/axi_smc/inst/clk_map/psr_aclk/U0/ACTIVE_LOW_BSR_OUT_DFF[0].FDRE_BSR_N/C
                            (rising edge-triggered cell FDRE clocked by clk_fpga_0  {rise@0.000ns fall@10.000ns period=20.000ns})
  Destination:            system_i/axi_smc/inst/s00_nodes/s00_w_node/inst/s_sc_xpm_cdc_async_rst_inst/arststages_ff_reg[1]/CLR
                            (recovery check against rising-edge clock clk_fpga_0  {rise@0.000ns fall@10.000ns period=20.000ns})
  Path Group:             (none)
  Path Type:              Recovery (Max at Slow Process Corner)
  Data Path Delay:        3.672ns  (logic 0.580ns (15.794%)  route 3.092ns (84.206%))
  Logic Levels:           1  (LUT1=1)
  Clock Path Skew:        -0.275ns (DCD - SCD + CPR)
    Destination Clock Delay (DCD):    2.659ns
    Source Clock Delay      (SCD):    2.934ns
    Clock Pessimism Removal (CPR):    0.000ns
  Clock Uncertainty:      0.302ns  ((TSJ^2 + TIJ^2)^1/2 + DJ) / 2 + PE
    Total System Jitter     (TSJ):    0.071ns
    Total Input Jitter      (TIJ):    0.600ns
    Discrete Jitter          (DJ):    0.000ns
    Phase Error              (PE):    0.000ns
  Timing Exception:       False Path

    Location             Delay type                Incr(ns)  Path(ns)    Netlist Resource(s)
  -------------------------------------------------------------------    -------------------
                         (clock clk_fpga_0 rise edge)
                                                      0.000     0.000 r  
    PS7_X0Y0             PS7                          0.000     0.000 r  system_i/processing_system7_0/inst/PS7_i/FCLKCLK[0]
                         net (fo=1, routed)           1.193     1.193    system_i/processing_system7_0/inst/FCLK_CLK_unbuffered[0]
    BUFGCTRL_X0Y16       BUFG (Prop_bufg_I_O)         0.101     1.294 r  system_i/processing_system7_0/inst/buffer_fclk_clk_0.FCLK_CLK_0_BUFG/O
                         net (fo=1456, routed)        1.640     2.934    system_i/axi_smc/inst/clk_map/psr_aclk/U0/aclk
    SLICE_X44Y68         FDRE                                         r  system_i/axi_smc/inst/clk_map/psr_aclk/U0/ACTIVE_LOW_BSR_OUT_DFF[0].FDRE_BSR_N/C
  -------------------------------------------------------------------    -------------------
    SLICE_X44Y68         FDRE (Prop_fdre_C_Q)         0.456     3.390 r  system_i/axi_smc/inst/clk_map/psr_aclk/U0/ACTIVE_LOW_BSR_OUT_DFF[0].FDRE_BSR_N/Q
                         net (fo=9, routed)           2.479     5.869    system_i/axi_smc/inst/s00_nodes/s00_w_node/inst/s_sc_xpm_cdc_async_rst_inst/src_arst
    SLICE_X38Y99         LUT1 (Prop_lut1_I0_O)        0.124     5.993 f  system_i/axi_smc/inst/s00_nodes/s00_w_node/inst/s_sc_xpm_cdc_async_rst_inst/arststages_ff[2]_i_1/O
                         net (fo=3, routed)           0.613     6.606    system_i/axi_smc/inst/s00_nodes/s00_w_node/inst/s_sc_xpm_cdc_async_rst_inst/reset_pol
    SLICE_X38Y99         FDCE                                         f  system_i/axi_smc/inst/s00_nodes/s00_w_node/inst/s_sc_xpm_cdc_async_rst_inst/arststages_ff_reg[1]/CLR
  -------------------------------------------------------------------    -------------------

                         (clock clk_fpga_0 rise edge)
                                                      0.000     0.000 r  
    PS7_X0Y0             PS7                          0.000     0.000 r  system_i/processing_system7_0/inst/PS7_i/FCLKCLK[0]
                         net (fo=1, routed)           1.088     1.088    system_i/processing_system7_0/inst/FCLK_CLK_unbuffered[0]
    BUFGCTRL_X0Y16       BUFG (Prop_bufg_I_O)         0.091     1.179 r  system_i/processing_system7_0/inst/buffer_fclk_clk_0.FCLK_CLK_0_BUFG/O
                         net (fo=1456, routed)        1.480     2.659    system_i/axi_smc/inst/s00_nodes/s00_w_node/inst/s_sc_xpm_cdc_async_rst_inst/dest_clk
    SLICE_X38Y99         FDCE                                         r  system_i/axi_smc/inst/s00_nodes/s00_w_node/inst/s_sc_xpm_cdc_async_rst_inst/arststages_ff_reg[1]/C

Slack:                    inf
  Source:                 system_i/axi_smc/inst/clk_map/psr_aclk/U0/ACTIVE_LOW_BSR_OUT_DFF[0].FDRE_BSR_N/C
                            (rising edge-triggered cell FDRE clocked by clk_fpga_0  {rise@0.000ns fall@10.000ns period=20.000ns})
  Destination:            system_i/axi_smc/inst/s00_nodes/s00_w_node/inst/s_sc_xpm_cdc_async_rst_inst/arststages_ff_reg[2]/CLR
                            (recovery check against rising-edge clock clk_fpga_0  {rise@0.000ns fall@10.000ns period=20.000ns})
  Path Group:             (none)
  Path Type:              Recovery (Max at Slow Process Corner)
  Data Path Delay:        3.672ns  (logic 0.580ns (15.794%)  route 3.092ns (84.206%))
  Logic Levels:           1  (LUT1=1)
  Clock Path Skew:        -0.275ns (DCD - SCD + CPR)
    Destination Clock Delay (DCD):    2.659ns
    Source Clock Delay      (SCD):    2.934ns
    Clock Pessimism Removal (CPR):    0.000ns
  Clock Uncertainty:      0.302ns  ((TSJ^2 + TIJ^2)^1/2 + DJ) / 2 + PE
    Total System Jitter     (TSJ):    0.071ns
    Total Input Jitter      (TIJ):    0.600ns
    Discrete Jitter          (DJ):    0.000ns
    Phase Error              (PE):    0.000ns
  Timing Exception:       False Path

    Location             Delay type                Incr(ns)  Path(ns)    Netlist Resource(s)
  -------------------------------------------------------------------    -------------------
                         (clock clk_fpga_0 rise edge)
                                                      0.000     0.000 r  
    PS7_X0Y0             PS7                          0.000     0.000 r  system_i/processing_system7_0/inst/PS7_i/FCLKCLK[0]
                         net (fo=1, routed)           1.193     1.193    system_i/processing_system7_0/inst/FCLK_CLK_unbuffered[0]
    BUFGCTRL_X0Y16       BUFG (Prop_bufg_I_O)         0.101     1.294 r  system_i/processing_system7_0/inst/buffer_fclk_clk_0.FCLK_CLK_0_BUFG/O
                         net (fo=1456, routed)        1.640     2.934    system_i/axi_smc/inst/clk_map/psr_aclk/U0/aclk
    SLICE_X44Y68         FDRE                                         r  system_i/axi_smc/inst/clk_map/psr_aclk/U0/ACTIVE_LOW_BSR_OUT_DFF[0].FDRE_BSR_N/C
  -------------------------------------------------------------------    -------------------
    SLICE_X44Y68         FDRE (Prop_fdre_C_Q)         0.456     3.390 r  system_i/axi_smc/inst/clk_map/psr_aclk/U0/ACTIVE_LOW_BSR_OUT_DFF[0].FDRE_BSR_N/Q
                         net (fo=9, routed)           2.479     5.869    system_i/axi_smc/inst/s00_nodes/s00_w_node/inst/s_sc_xpm_cdc_async_rst_inst/src_arst
    SLICE_X38Y99         LUT1 (Prop_lut1_I0_O)        0.124     5.993 f  system_i/axi_smc/inst/s00_nodes/s00_w_node/inst/s_sc_xpm_cdc_async_rst_inst/arststages_ff[2]_i_1/O
                         net (fo=3, routed)           0.613     6.606    system_i/axi_smc/inst/s00_nodes/s00_w_node/inst/s_sc_xpm_cdc_async_rst_inst/reset_pol
    SLICE_X38Y99         FDCE                                         f  system_i/axi_smc/inst/s00_nodes/s00_w_node/inst/s_sc_xpm_cdc_async_rst_inst/arststages_ff_reg[2]/CLR
  -------------------------------------------------------------------    -------------------

                         (clock clk_fpga_0 rise edge)
                                                      0.000     0.000 r  
    PS7_X0Y0             PS7                          0.000     0.000 r  system_i/processing_system7_0/inst/PS7_i/FCLKCLK[0]
                         net (fo=1, routed)           1.088     1.088    system_i/processing_system7_0/inst/FCLK_CLK_unbuffered[0]
    BUFGCTRL_X0Y16       BUFG (Prop_bufg_I_O)         0.091     1.179 r  system_i/processing_system7_0/inst/buffer_fclk_clk_0.FCLK_CLK_0_BUFG/O
                         net (fo=1456, routed)        1.480     2.659    system_i/axi_smc/inst/s00_nodes/s00_w_node/inst/s_sc_xpm_cdc_async_rst_inst/dest_clk
    SLICE_X38Y99         FDCE                                         r  system_i/axi_smc/inst/s00_nodes/s00_w_node/inst/s_sc_xpm_cdc_async_rst_inst/arststages_ff_reg[2]/C

Slack:                    inf
  Source:                 system_i/axi_smc/inst/clk_map/psr_aclk/U0/ACTIVE_LOW_BSR_OUT_DFF[0].FDRE_BSR_N/C
                            (rising edge-triggered cell FDRE clocked by clk_fpga_0  {rise@0.000ns fall@10.000ns period=20.000ns})
  Destination:            system_i/axi_smc/inst/s00_nodes/s00_aw_node/inst/s_sc_xpm_cdc_async_rst_inst/arststages_ff_reg[0]/CLR
                            (recovery check against rising-edge clock clk_fpga_0  {rise@0.000ns fall@10.000ns period=20.000ns})
  Path Group:             (none)
  Path Type:              Recovery (Max at Slow Process Corner)
  Data Path Delay:        3.645ns  (logic 0.580ns (15.912%)  route 3.065ns (84.088%))
  Logic Levels:           1  (LUT1=1)
  Clock Path Skew:        -0.275ns (DCD - SCD + CPR)
    Destination Clock Delay (DCD):    2.659ns
    Source Clock Delay      (SCD):    2.934ns
    Clock Pessimism Removal (CPR):    0.000ns
  Clock Uncertainty:      0.302ns  ((TSJ^2 + TIJ^2)^1/2 + DJ) / 2 + PE
    Total System Jitter     (TSJ):    0.071ns
    Total Input Jitter      (TIJ):    0.600ns
    Discrete Jitter          (DJ):    0.000ns
    Phase Error              (PE):    0.000ns
  Timing Exception:       False Path

    Location             Delay type                Incr(ns)  Path(ns)    Netlist Resource(s)
  -------------------------------------------------------------------    -------------------
                         (clock clk_fpga_0 rise edge)
                                                      0.000     0.000 r  
    PS7_X0Y0             PS7                          0.000     0.000 r  system_i/processing_system7_0/inst/PS7_i/FCLKCLK[0]
                         net (fo=1, routed)           1.193     1.193    system_i/processing_system7_0/inst/FCLK_CLK_unbuffered[0]
    BUFGCTRL_X0Y16       BUFG (Prop_bufg_I_O)         0.101     1.294 r  system_i/processing_system7_0/inst/buffer_fclk_clk_0.FCLK_CLK_0_BUFG/O
                         net (fo=1456, routed)        1.640     2.934    system_i/axi_smc/inst/clk_map/psr_aclk/U0/aclk
    SLICE_X44Y68         FDRE                                         r  system_i/axi_smc/inst/clk_map/psr_aclk/U0/ACTIVE_LOW_BSR_OUT_DFF[0].FDRE_BSR_N/C
  -------------------------------------------------------------------    -------------------
    SLICE_X44Y68         FDRE (Prop_fdre_C_Q)         0.456     3.390 r  system_i/axi_smc/inst/clk_map/psr_aclk/U0/ACTIVE_LOW_BSR_OUT_DFF[0].FDRE_BSR_N/Q
                         net (fo=9, routed)           2.489     5.879    system_i/axi_smc/inst/s00_nodes/s00_aw_node/inst/s_sc_xpm_cdc_async_rst_inst/src_arst
    SLICE_X38Y97         LUT1 (Prop_lut1_I0_O)        0.124     6.003 f  system_i/axi_smc/inst/s00_nodes/s00_aw_node/inst/s_sc_xpm_cdc_async_rst_inst/arststages_ff[2]_i_1/O
                         net (fo=3, routed)           0.576     6.579    system_i/axi_smc/inst/s00_nodes/s00_aw_node/inst/s_sc_xpm_cdc_async_rst_inst/reset_pol
    SLICE_X38Y97         FDCE                                         f  system_i/axi_smc/inst/s00_nodes/s00_aw_node/inst/s_sc_xpm_cdc_async_rst_inst/arststages_ff_reg[0]/CLR
  -------------------------------------------------------------------    -------------------

                         (clock clk_fpga_0 rise edge)
                                                      0.000     0.000 r  
    PS7_X0Y0             PS7                          0.000     0.000 r  system_i/processing_system7_0/inst/PS7_i/FCLKCLK[0]
                         net (fo=1, routed)           1.088     1.088    system_i/processing_system7_0/inst/FCLK_CLK_unbuffered[0]
    BUFGCTRL_X0Y16       BUFG (Prop_bufg_I_O)         0.091     1.179 r  system_i/processing_system7_0/inst/buffer_fclk_clk_0.FCLK_CLK_0_BUFG/O
                         net (fo=1456, routed)        1.480     2.659    system_i/axi_smc/inst/s00_nodes/s00_aw_node/inst/s_sc_xpm_cdc_async_rst_inst/dest_clk
    SLICE_X38Y97         FDCE                                         r  system_i/axi_smc/inst/s00_nodes/s00_aw_node/inst/s_sc_xpm_cdc_async_rst_inst/arststages_ff_reg[0]/C

Slack:                    inf
  Source:                 system_i/axi_smc/inst/clk_map/psr_aclk/U0/ACTIVE_LOW_BSR_OUT_DFF[0].FDRE_BSR_N/C
                            (rising edge-triggered cell FDRE clocked by clk_fpga_0  {rise@0.000ns fall@10.000ns period=20.000ns})
  Destination:            system_i/axi_smc/inst/s00_nodes/s00_aw_node/inst/s_sc_xpm_cdc_async_rst_inst/arststages_ff_reg[1]/CLR
                            (recovery check against rising-edge clock clk_fpga_0  {rise@0.000ns fall@10.000ns period=20.000ns})
  Path Group:             (none)
  Path Type:              Recovery (Max at Slow Process Corner)
  Data Path Delay:        3.645ns  (logic 0.580ns (15.912%)  route 3.065ns (84.088%))
  Logic Levels:           1  (LUT1=1)
  Clock Path Skew:        -0.275ns (DCD - SCD + CPR)
    Destination Clock Delay (DCD):    2.659ns
    Source Clock Delay      (SCD):    2.934ns
    Clock Pessimism Removal (CPR):    0.000ns
  Clock Uncertainty:      0.302ns  ((TSJ^2 + TIJ^2)^1/2 + DJ) / 2 + PE
    Total System Jitter     (TSJ):    0.071ns
    Total Input Jitter      (TIJ):    0.600ns
    Discrete Jitter          (DJ):    0.000ns
    Phase Error              (PE):    0.000ns
  Timing Exception:       False Path

    Location             Delay type                Incr(ns)  Path(ns)    Netlist Resource(s)
  -------------------------------------------------------------------    -------------------
                         (clock clk_fpga_0 rise edge)
                                                      0.000     0.000 r  
    PS7_X0Y0             PS7                          0.000     0.000 r  system_i/processing_system7_0/inst/PS7_i/FCLKCLK[0]
                         net (fo=1, routed)           1.193     1.193    system_i/processing_system7_0/inst/FCLK_CLK_unbuffered[0]
    BUFGCTRL_X0Y16       BUFG (Prop_bufg_I_O)         0.101     1.294 r  system_i/processing_system7_0/inst/buffer_fclk_clk_0.FCLK_CLK_0_BUFG/O
                         net (fo=1456, routed)        1.640     2.934    system_i/axi_smc/inst/clk_map/psr_aclk/U0/aclk
    SLICE_X44Y68         FDRE                                         r  system_i/axi_smc/inst/clk_map/psr_aclk/U0/ACTIVE_LOW_BSR_OUT_DFF[0].FDRE_BSR_N/C
  -------------------------------------------------------------------    -------------------
    SLICE_X44Y68         FDRE (Prop_fdre_C_Q)         0.456     3.390 r  system_i/axi_smc/inst/clk_map/psr_aclk/U0/ACTIVE_LOW_BSR_OUT_DFF[0].FDRE_BSR_N/Q
                         net (fo=9, routed)           2.489     5.879    system_i/axi_smc/inst/s00_nodes/s00_aw_node/inst/s_sc_xpm_cdc_async_rst_inst/src_arst
    SLICE_X38Y97         LUT1 (Prop_lut1_I0_O)        0.124     6.003 f  system_i/axi_smc/inst/s00_nodes/s00_aw_node/inst/s_sc_xpm_cdc_async_rst_inst/arststages_ff[2]_i_1/O
                         net (fo=3, routed)           0.576     6.579    system_i/axi_smc/inst/s00_nodes/s00_aw_node/inst/s_sc_xpm_cdc_async_rst_inst/reset_pol
    SLICE_X38Y97         FDCE                                         f  system_i/axi_smc/inst/s00_nodes/s00_aw_node/inst/s_sc_xpm_cdc_async_rst_inst/arststages_ff_reg[1]/CLR
  -------------------------------------------------------------------    -------------------

                         (clock clk_fpga_0 rise edge)
                                                      0.000     0.000 r  
    PS7_X0Y0             PS7                          0.000     0.000 r  system_i/processing_system7_0/inst/PS7_i/FCLKCLK[0]
                         net (fo=1, routed)           1.088     1.088    system_i/processing_system7_0/inst/FCLK_CLK_unbuffered[0]
    BUFGCTRL_X0Y16       BUFG (Prop_bufg_I_O)         0.091     1.179 r  system_i/processing_system7_0/inst/buffer_fclk_clk_0.FCLK_CLK_0_BUFG/O
                         net (fo=1456, routed)        1.480     2.659    system_i/axi_smc/inst/s00_nodes/s00_aw_node/inst/s_sc_xpm_cdc_async_rst_inst/dest_clk
    SLICE_X38Y97         FDCE                                         r  system_i/axi_smc/inst/s00_nodes/s00_aw_node/inst/s_sc_xpm_cdc_async_rst_inst/arststages_ff_reg[1]/C

Slack:                    inf
  Source:                 system_i/axi_smc/inst/clk_map/psr_aclk/U0/ACTIVE_LOW_BSR_OUT_DFF[0].FDRE_BSR_N/C
                            (rising edge-triggered cell FDRE clocked by clk_fpga_0  {rise@0.000ns fall@10.000ns period=20.000ns})
  Destination:            system_i/axi_smc/inst/s00_nodes/s00_aw_node/inst/s_sc_xpm_cdc_async_rst_inst/arststages_ff_reg[2]/CLR
                            (recovery check against rising-edge clock clk_fpga_0  {rise@0.000ns fall@10.000ns period=20.000ns})
  Path Group:             (none)
  Path Type:              Recovery (Max at Slow Process Corner)
  Data Path Delay:        3.645ns  (logic 0.580ns (15.912%)  route 3.065ns (84.088%))
  Logic Levels:           1  (LUT1=1)
  Clock Path Skew:        -0.275ns (DCD - SCD + CPR)
    Destination Clock Delay (DCD):    2.659ns
    Source Clock Delay      (SCD):    2.934ns
    Clock Pessimism Removal (CPR):    0.000ns
  Clock Uncertainty:      0.302ns  ((TSJ^2 + TIJ^2)^1/2 + DJ) / 2 + PE
    Total System Jitter     (TSJ):    0.071ns
    Total Input Jitter      (TIJ):    0.600ns
    Discrete Jitter          (DJ):    0.000ns
    Phase Error              (PE):    0.000ns
  Timing Exception:       False Path

    Location             Delay type                Incr(ns)  Path(ns)    Netlist Resource(s)
  -------------------------------------------------------------------    -------------------
                         (clock clk_fpga_0 rise edge)
                                                      0.000     0.000 r  
    PS7_X0Y0             PS7                          0.000     0.000 r  system_i/processing_system7_0/inst/PS7_i/FCLKCLK[0]
                         net (fo=1, routed)           1.193     1.193    system_i/processing_system7_0/inst/FCLK_CLK_unbuffered[0]
    BUFGCTRL_X0Y16       BUFG (Prop_bufg_I_O)         0.101     1.294 r  system_i/processing_system7_0/inst/buffer_fclk_clk_0.FCLK_CLK_0_BUFG/O
                         net (fo=1456, routed)        1.640     2.934    system_i/axi_smc/inst/clk_map/psr_aclk/U0/aclk
    SLICE_X44Y68         FDRE                                         r  system_i/axi_smc/inst/clk_map/psr_aclk/U0/ACTIVE_LOW_BSR_OUT_DFF[0].FDRE_BSR_N/C
  -------------------------------------------------------------------    -------------------
    SLICE_X44Y68         FDRE (Prop_fdre_C_Q)         0.456     3.390 r  system_i/axi_smc/inst/clk_map/psr_aclk/U0/ACTIVE_LOW_BSR_OUT_DFF[0].FDRE_BSR_N/Q
                         net (fo=9, routed)           2.489     5.879    system_i/axi_smc/inst/s00_nodes/s00_aw_node/inst/s_sc_xpm_cdc_async_rst_inst/src_arst
    SLICE_X38Y97         LUT1 (Prop_lut1_I0_O)        0.124     6.003 f  system_i/axi_smc/inst/s00_nodes/s00_aw_node/inst/s_sc_xpm_cdc_async_rst_inst/arststages_ff[2]_i_1/O
                         net (fo=3, routed)           0.576     6.579    system_i/axi_smc/inst/s00_nodes/s00_aw_node/inst/s_sc_xpm_cdc_async_rst_inst/reset_pol
    SLICE_X38Y97         FDCE                                         f  system_i/axi_smc/inst/s00_nodes/s00_aw_node/inst/s_sc_xpm_cdc_async_rst_inst/arststages_ff_reg[2]/CLR
  -------------------------------------------------------------------    -------------------

                         (clock clk_fpga_0 rise edge)
                                                      0.000     0.000 r  
    PS7_X0Y0             PS7                          0.000     0.000 r  system_i/processing_system7_0/inst/PS7_i/FCLKCLK[0]
                         net (fo=1, routed)           1.088     1.088    system_i/processing_system7_0/inst/FCLK_CLK_unbuffered[0]
    BUFGCTRL_X0Y16       BUFG (Prop_bufg_I_O)         0.091     1.179 r  system_i/processing_system7_0/inst/buffer_fclk_clk_0.FCLK_CLK_0_BUFG/O
                         net (fo=1456, routed)        1.480     2.659    system_i/axi_smc/inst/s00_nodes/s00_aw_node/inst/s_sc_xpm_cdc_async_rst_inst/dest_clk
    SLICE_X38Y97         FDCE                                         r  system_i/axi_smc/inst/s00_nodes/s00_aw_node/inst/s_sc_xpm_cdc_async_rst_inst/arststages_ff_reg[2]/C

Slack:                    inf
  Source:                 system_i/axi_smc/inst/clk_map/psr_aclk/U0/ACTIVE_LOW_BSR_OUT_DFF[0].FDRE_BSR_N/C
                            (rising edge-triggered cell FDRE clocked by clk_fpga_0  {rise@0.000ns fall@10.000ns period=20.000ns})
  Destination:            system_i/axi_smc/inst/s00_entry_pipeline/s00_transaction_regulator/inst/xpm_cdc_async_rst_inst/arststages_ff_reg[0]/CLR
                            (recovery check against rising-edge clock clk_fpga_0  {rise@0.000ns fall@10.000ns period=20.000ns})
  Path Group:             (none)
  Path Type:              Recovery (Max at Slow Process Corner)
  Data Path Delay:        3.054ns  (logic 0.609ns (19.939%)  route 2.445ns (80.061%))
  Logic Levels:           1  (LUT1=1)
  Clock Path Skew:        -0.277ns (DCD - SCD + CPR)
    Destination Clock Delay (DCD):    2.657ns
    Source Clock Delay      (SCD):    2.934ns
    Clock Pessimism Removal (CPR):    0.000ns
  Clock Uncertainty:      0.302ns  ((TSJ^2 + TIJ^2)^1/2 + DJ) / 2 + PE
    Total System Jitter     (TSJ):    0.071ns
    Total Input Jitter      (TIJ):    0.600ns
    Discrete Jitter          (DJ):    0.000ns
    Phase Error              (PE):    0.000ns
  Timing Exception:       False Path

    Location             Delay type                Incr(ns)  Path(ns)    Netlist Resource(s)
  -------------------------------------------------------------------    -------------------
                         (clock clk_fpga_0 rise edge)
                                                      0.000     0.000 r  
    PS7_X0Y0             PS7                          0.000     0.000 r  system_i/processing_system7_0/inst/PS7_i/FCLKCLK[0]
                         net (fo=1, routed)           1.193     1.193    system_i/processing_system7_0/inst/FCLK_CLK_unbuffered[0]
    BUFGCTRL_X0Y16       BUFG (Prop_bufg_I_O)         0.101     1.294 r  system_i/processing_system7_0/inst/buffer_fclk_clk_0.FCLK_CLK_0_BUFG/O
                         net (fo=1456, routed)        1.640     2.934    system_i/axi_smc/inst/clk_map/psr_aclk/U0/aclk
    SLICE_X44Y68         FDRE                                         r  system_i/axi_smc/inst/clk_map/psr_aclk/U0/ACTIVE_LOW_BSR_OUT_DFF[0].FDRE_BSR_N/C
  -------------------------------------------------------------------    -------------------
    SLICE_X44Y68         FDRE (Prop_fdre_C_Q)         0.456     3.390 r  system_i/axi_smc/inst/clk_map/psr_aclk/U0/ACTIVE_LOW_BSR_OUT_DFF[0].FDRE_BSR_N/Q
                         net (fo=9, routed)           1.913     5.303    system_i/axi_smc/inst/s00_entry_pipeline/s00_transaction_regulator/inst/xpm_cdc_async_rst_inst/src_arst
    SLICE_X32Y91         LUT1 (Prop_lut1_I0_O)        0.153     5.456 f  system_i/axi_smc/inst/s00_entry_pipeline/s00_transaction_regulator/inst/xpm_cdc_async_rst_inst/arststages_ff[2]_i_1/O
                         net (fo=3, routed)           0.532     5.988    system_i/axi_smc/inst/s00_entry_pipeline/s00_transaction_regulator/inst/xpm_cdc_async_rst_inst/reset_pol
    SLICE_X32Y91         FDCE                                         f  system_i/axi_smc/inst/s00_entry_pipeline/s00_transaction_regulator/inst/xpm_cdc_async_rst_inst/arststages_ff_reg[0]/CLR
  -------------------------------------------------------------------    -------------------

                         (clock clk_fpga_0 rise edge)
                                                      0.000     0.000 r  
    PS7_X0Y0             PS7                          0.000     0.000 r  system_i/processing_system7_0/inst/PS7_i/FCLKCLK[0]
                         net (fo=1, routed)           1.088     1.088    system_i/processing_system7_0/inst/FCLK_CLK_unbuffered[0]
    BUFGCTRL_X0Y16       BUFG (Prop_bufg_I_O)         0.091     1.179 r  system_i/processing_system7_0/inst/buffer_fclk_clk_0.FCLK_CLK_0_BUFG/O
                         net (fo=1456, routed)        1.478     2.657    system_i/axi_smc/inst/s00_entry_pipeline/s00_transaction_regulator/inst/xpm_cdc_async_rst_inst/dest_clk
    SLICE_X32Y91         FDCE                                         r  system_i/axi_smc/inst/s00_entry_pipeline/s00_transaction_regulator/inst/xpm_cdc_async_rst_inst/arststages_ff_reg[0]/C





Min Delay Paths
--------------------------------------------------------------------------------------
Slack:                    inf
  Source:                 system_i/rst_ps7_0_50M/U0/ACTIVE_LOW_PR_OUT_DFF[0].FDRE_PER_N/C
                            (rising edge-triggered cell FDRE clocked by clk_fpga_0  {rise@0.000ns fall@10.000ns period=20.000ns})
  Destination:            system_i/axi_smc/inst/clk_map/psr_aclk/U0/EXT_LPF/ACTIVE_LOW_AUX.ACT_LO_AUX/syncstages_ff_reg[0]/D
                            (rising edge-triggered cell FDRE clocked by clk_fpga_0  {rise@0.000ns fall@10.000ns period=20.000ns})
  Path Group:             (none)
  Path Type:              Hold (Min at Fast Process Corner)
  Data Path Delay:        0.511ns  (logic 0.187ns (36.564%)  route 0.324ns (63.436%))
  Logic Levels:           1  (LUT1=1)
  Clock Path Skew:        0.298ns (DCD - SCD - CPR)
    Destination Clock Delay (DCD):    1.180ns
    Source Clock Delay      (SCD):    0.882ns
    Clock Pessimism Removal (CPR):    -0.000ns
  Clock Uncertainty:      0.302ns  ((TSJ^2 + TIJ^2)^1/2 + DJ) / 2 + PE
    Total System Jitter     (TSJ):    0.071ns
    Total Input Jitter      (TIJ):    0.600ns
    Discrete Jitter          (DJ):    0.000ns
    Phase Error              (PE):    0.000ns
  Timing Exception:       False Path

    Location             Delay type                Incr(ns)  Path(ns)    Netlist Resource(s)
  -------------------------------------------------------------------    -------------------
                         (clock clk_fpga_0 rise edge)
                                                      0.000     0.000 r  
    PS7_X0Y0             PS7                          0.000     0.000 r  system_i/processing_system7_0/inst/PS7_i/FCLKCLK[0]
                         net (fo=1, routed)           0.310     0.310    system_i/processing_system7_0/inst/FCLK_CLK_unbuffered[0]
    BUFGCTRL_X0Y16       BUFG (Prop_bufg_I_O)         0.026     0.336 r  system_i/processing_system7_0/inst/buffer_fclk_clk_0.FCLK_CLK_0_BUFG/O
                         net (fo=1456, routed)        0.546     0.882    system_i/rst_ps7_0_50M/U0/slowest_sync_clk
    SLICE_X48Y70         FDRE                                         r  system_i/rst_ps7_0_50M/U0/ACTIVE_LOW_PR_OUT_DFF[0].FDRE_PER_N/C
  -------------------------------------------------------------------    -------------------
    SLICE_X48Y70         FDRE (Prop_fdre_C_Q)         0.141     1.023 f  system_i/rst_ps7_0_50M/U0/ACTIVE_LOW_PR_OUT_DFF[0].FDRE_PER_N/Q
                         net (fo=13, routed)          0.216     1.238    system_i/axi_smc/inst/clk_map/psr_aclk/U0/EXT_LPF/aresetn
    SLICE_X47Y70         LUT1 (Prop_lut1_I0_O)        0.046     1.284 r  system_i/axi_smc/inst/clk_map/psr_aclk/U0/EXT_LPF/ACTIVE_LOW_AUX.ACT_LO_AUX_i_1/O
                         net (fo=1, routed)           0.109     1.393    system_i/axi_smc/inst/clk_map/psr_aclk/U0/EXT_LPF/ACTIVE_LOW_AUX.ACT_LO_AUX/src_in
    SLICE_X47Y69         FDRE                                         r  system_i/axi_smc/inst/clk_map/psr_aclk/U0/EXT_LPF/ACTIVE_LOW_AUX.ACT_LO_AUX/syncstages_ff_reg[0]/D
  -------------------------------------------------------------------    -------------------

                         (clock clk_fpga_0 rise edge)
                                                      0.000     0.000 r  
    PS7_X0Y0             PS7                          0.000     0.000 r  system_i/processing_system7_0/inst/PS7_i/FCLKCLK[0]
                         net (fo=1, routed)           0.337     0.337    system_i/processing_system7_0/inst/FCLK_CLK_unbuffered[0]
    BUFGCTRL_X0Y16       BUFG (Prop_bufg_I_O)         0.029     0.366 r  system_i/processing_system7_0/inst/buffer_fclk_clk_0.FCLK_CLK_0_BUFG/O
                         net (fo=1456, routed)        0.814     1.180    system_i/axi_smc/inst/clk_map/psr_aclk/U0/EXT_LPF/ACTIVE_LOW_AUX.ACT_LO_AUX/dest_clk
    SLICE_X47Y69         FDRE                                         r  system_i/axi_smc/inst/clk_map/psr_aclk/U0/EXT_LPF/ACTIVE_LOW_AUX.ACT_LO_AUX/syncstages_ff_reg[0]/C

Slack:                    inf
  Source:                 system_i/axi_smc/inst/clk_map/psr_aclk/U0/ACTIVE_LOW_BSR_OUT_DFF[0].FDRE_BSR_N/C
                            (rising edge-triggered cell FDRE clocked by clk_fpga_0  {rise@0.000ns fall@10.000ns period=20.000ns})
  Destination:            system_i/axi_smc/inst/s00_nodes/s00_ar_node/inst/s_sc_xpm_cdc_async_rst_inst/arststages_ff_reg[0]/CLR
                            (removal check against rising-edge clock clk_fpga_0  {rise@0.000ns fall@10.000ns period=20.000ns})
  Path Group:             (none)
  Path Type:              Removal (Min at Fast Process Corner)
  Data Path Delay:        0.706ns  (logic 0.186ns (26.332%)  route 0.520ns (73.668%))
  Logic Levels:           1  (LUT1=1)
  Clock Path Skew:        0.296ns (DCD - SCD - CPR)
    Destination Clock Delay (DCD):    1.181ns
    Source Clock Delay      (SCD):    0.885ns
    Clock Pessimism Removal (CPR):    -0.000ns
  Clock Uncertainty:      0.302ns  ((TSJ^2 + TIJ^2)^1/2 + DJ) / 2 + PE
    Total System Jitter     (TSJ):    0.071ns
    Total Input Jitter      (TIJ):    0.600ns
    Discrete Jitter          (DJ):    0.000ns
    Phase Error              (PE):    0.000ns
  Timing Exception:       False Path

    Location             Delay type                Incr(ns)  Path(ns)    Netlist Resource(s)
  -------------------------------------------------------------------    -------------------
                         (clock clk_fpga_0 rise edge)
                                                      0.000     0.000 r  
    PS7_X0Y0             PS7                          0.000     0.000 r  system_i/processing_system7_0/inst/PS7_i/FCLKCLK[0]
                         net (fo=1, routed)           0.310     0.310    system_i/processing_system7_0/inst/FCLK_CLK_unbuffered[0]
    BUFGCTRL_X0Y16       BUFG (Prop_bufg_I_O)         0.026     0.336 r  system_i/processing_system7_0/inst/buffer_fclk_clk_0.FCLK_CLK_0_BUFG/O
                         net (fo=1456, routed)        0.549     0.885    system_i/axi_smc/inst/clk_map/psr_aclk/U0/aclk
    SLICE_X44Y68         FDRE                                         r  system_i/axi_smc/inst/clk_map/psr_aclk/U0/ACTIVE_LOW_BSR_OUT_DFF[0].FDRE_BSR_N/C
  -------------------------------------------------------------------    -------------------
    SLICE_X44Y68         FDRE (Prop_fdre_C_Q)         0.141     1.026 r  system_i/axi_smc/inst/clk_map/psr_aclk/U0/ACTIVE_LOW_BSR_OUT_DFF[0].FDRE_BSR_N/Q
                         net (fo=9, routed)           0.358     1.384    system_i/axi_smc/inst/s00_nodes/s00_ar_node/inst/s_sc_xpm_cdc_async_rst_inst/src_arst
    SLICE_X39Y68         LUT1 (Prop_lut1_I0_O)        0.045     1.429 f  system_i/axi_smc/inst/s00_nodes/s00_ar_node/inst/s_sc_xpm_cdc_async_rst_inst/arststages_ff[2]_i_1/O
                         net (fo=3, routed)           0.162     1.591    system_i/axi_smc/inst/s00_nodes/s00_ar_node/inst/s_sc_xpm_cdc_async_rst_inst/reset_pol
    SLICE_X36Y68         FDCE                                         f  system_i/axi_smc/inst/s00_nodes/s00_ar_node/inst/s_sc_xpm_cdc_async_rst_inst/arststages_ff_reg[0]/CLR
  -------------------------------------------------------------------    -------------------

                         (clock clk_fpga_0 rise edge)
                                                      0.000     0.000 r  
    PS7_X0Y0             PS7                          0.000     0.000 r  system_i/processing_system7_0/inst/PS7_i/FCLKCLK[0]
                         net (fo=1, routed)           0.337     0.337    system_i/processing_system7_0/inst/FCLK_CLK_unbuffered[0]
    BUFGCTRL_X0Y16       BUFG (Prop_bufg_I_O)         0.029     0.366 r  system_i/processing_system7_0/inst/buffer_fclk_clk_0.FCLK_CLK_0_BUFG/O
                         net (fo=1456, routed)        0.815     1.181    system_i/axi_smc/inst/s00_nodes/s00_ar_node/inst/s_sc_xpm_cdc_async_rst_inst/dest_clk
    SLICE_X36Y68         FDCE                                         r  system_i/axi_smc/inst/s00_nodes/s00_ar_node/inst/s_sc_xpm_cdc_async_rst_inst/arststages_ff_reg[0]/C

Slack:                    inf
  Source:                 system_i/axi_smc/inst/clk_map/psr_aclk/U0/ACTIVE_LOW_BSR_OUT_DFF[0].FDRE_BSR_N/C
                            (rising edge-triggered cell FDRE clocked by clk_fpga_0  {rise@0.000ns fall@10.000ns period=20.000ns})
  Destination:            system_i/axi_smc/inst/s00_nodes/s00_ar_node/inst/s_sc_xpm_cdc_async_rst_inst/arststages_ff_reg[1]/CLR
                            (removal check against rising-edge clock clk_fpga_0  {rise@0.000ns fall@10.000ns period=20.000ns})
  Path Group:             (none)
  Path Type:              Removal (Min at Fast Process Corner)
  Data Path Delay:        0.706ns  (logic 0.186ns (26.332%)  route 0.520ns (73.668%))
  Logic Levels:           1  (LUT1=1)
  Clock Path Skew:        0.296ns (DCD - SCD - CPR)
    Destination Clock Delay (DCD):    1.181ns
    Source Clock Delay      (SCD):    0.885ns
    Clock Pessimism Removal (CPR):    -0.000ns
  Clock Uncertainty:      0.302ns  ((TSJ^2 + TIJ^2)^1/2 + DJ) / 2 + PE
    Total System Jitter     (TSJ):    0.071ns
    Total Input Jitter      (TIJ):    0.600ns
    Discrete Jitter          (DJ):    0.000ns
    Phase Error              (PE):    0.000ns
  Timing Exception:       False Path

    Location             Delay type                Incr(ns)  Path(ns)    Netlist Resource(s)
  -------------------------------------------------------------------    -------------------
                         (clock clk_fpga_0 rise edge)
                                                      0.000     0.000 r  
    PS7_X0Y0             PS7                          0.000     0.000 r  system_i/processing_system7_0/inst/PS7_i/FCLKCLK[0]
                         net (fo=1, routed)           0.310     0.310    system_i/processing_system7_0/inst/FCLK_CLK_unbuffered[0]
    BUFGCTRL_X0Y16       BUFG (Prop_bufg_I_O)         0.026     0.336 r  system_i/processing_system7_0/inst/buffer_fclk_clk_0.FCLK_CLK_0_BUFG/O
                         net (fo=1456, routed)        0.549     0.885    system_i/axi_smc/inst/clk_map/psr_aclk/U0/aclk
    SLICE_X44Y68         FDRE                                         r  system_i/axi_smc/inst/clk_map/psr_aclk/U0/ACTIVE_LOW_BSR_OUT_DFF[0].FDRE_BSR_N/C
  -------------------------------------------------------------------    -------------------
    SLICE_X44Y68         FDRE (Prop_fdre_C_Q)         0.141     1.026 r  system_i/axi_smc/inst/clk_map/psr_aclk/U0/ACTIVE_LOW_BSR_OUT_DFF[0].FDRE_BSR_N/Q
                         net (fo=9, routed)           0.358     1.384    system_i/axi_smc/inst/s00_nodes/s00_ar_node/inst/s_sc_xpm_cdc_async_rst_inst/src_arst
    SLICE_X39Y68         LUT1 (Prop_lut1_I0_O)        0.045     1.429 f  system_i/axi_smc/inst/s00_nodes/s00_ar_node/inst/s_sc_xpm_cdc_async_rst_inst/arststages_ff[2]_i_1/O
                         net (fo=3, routed)           0.162     1.591    system_i/axi_smc/inst/s00_nodes/s00_ar_node/inst/s_sc_xpm_cdc_async_rst_inst/reset_pol
    SLICE_X36Y68         FDCE                                         f  system_i/axi_smc/inst/s00_nodes/s00_ar_node/inst/s_sc_xpm_cdc_async_rst_inst/arststages_ff_reg[1]/CLR
  -------------------------------------------------------------------    -------------------

                         (clock clk_fpga_0 rise edge)
                                                      0.000     0.000 r  
    PS7_X0Y0             PS7                          0.000     0.000 r  system_i/processing_system7_0/inst/PS7_i/FCLKCLK[0]
                         net (fo=1, routed)           0.337     0.337    system_i/processing_system7_0/inst/FCLK_CLK_unbuffered[0]
    BUFGCTRL_X0Y16       BUFG (Prop_bufg_I_O)         0.029     0.366 r  system_i/processing_system7_0/inst/buffer_fclk_clk_0.FCLK_CLK_0_BUFG/O
                         net (fo=1456, routed)        0.815     1.181    system_i/axi_smc/inst/s00_nodes/s00_ar_node/inst/s_sc_xpm_cdc_async_rst_inst/dest_clk
    SLICE_X36Y68         FDCE                                         r  system_i/axi_smc/inst/s00_nodes/s00_ar_node/inst/s_sc_xpm_cdc_async_rst_inst/arststages_ff_reg[1]/C

Slack:                    inf
  Source:                 system_i/axi_smc/inst/clk_map/psr_aclk/U0/ACTIVE_LOW_BSR_OUT_DFF[0].FDRE_BSR_N/C
                            (rising edge-triggered cell FDRE clocked by clk_fpga_0  {rise@0.000ns fall@10.000ns period=20.000ns})
  Destination:            system_i/axi_smc/inst/s00_nodes/s00_ar_node/inst/s_sc_xpm_cdc_async_rst_inst/arststages_ff_reg[2]/CLR
                            (removal check against rising-edge clock clk_fpga_0  {rise@0.000ns fall@10.000ns period=20.000ns})
  Path Group:             (none)
  Path Type:              Removal (Min at Fast Process Corner)
  Data Path Delay:        0.706ns  (logic 0.186ns (26.332%)  route 0.520ns (73.668%))
  Logic Levels:           1  (LUT1=1)
  Clock Path Skew:        0.296ns (DCD - SCD - CPR)
    Destination Clock Delay (DCD):    1.181ns
    Source Clock Delay      (SCD):    0.885ns
    Clock Pessimism Removal (CPR):    -0.000ns
  Clock Uncertainty:      0.302ns  ((TSJ^2 + TIJ^2)^1/2 + DJ) / 2 + PE
    Total System Jitter     (TSJ):    0.071ns
    Total Input Jitter      (TIJ):    0.600ns
    Discrete Jitter          (DJ):    0.000ns
    Phase Error              (PE):    0.000ns
  Timing Exception:       False Path

    Location             Delay type                Incr(ns)  Path(ns)    Netlist Resource(s)
  -------------------------------------------------------------------    -------------------
                         (clock clk_fpga_0 rise edge)
                                                      0.000     0.000 r  
    PS7_X0Y0             PS7                          0.000     0.000 r  system_i/processing_system7_0/inst/PS7_i/FCLKCLK[0]
                         net (fo=1, routed)           0.310     0.310    system_i/processing_system7_0/inst/FCLK_CLK_unbuffered[0]
    BUFGCTRL_X0Y16       BUFG (Prop_bufg_I_O)         0.026     0.336 r  system_i/processing_system7_0/inst/buffer_fclk_clk_0.FCLK_CLK_0_BUFG/O
                         net (fo=1456, routed)        0.549     0.885    system_i/axi_smc/inst/clk_map/psr_aclk/U0/aclk
    SLICE_X44Y68         FDRE                                         r  system_i/axi_smc/inst/clk_map/psr_aclk/U0/ACTIVE_LOW_BSR_OUT_DFF[0].FDRE_BSR_N/C
  -------------------------------------------------------------------    -------------------
    SLICE_X44Y68         FDRE (Prop_fdre_C_Q)         0.141     1.026 r  system_i/axi_smc/inst/clk_map/psr_aclk/U0/ACTIVE_LOW_BSR_OUT_DFF[0].FDRE_BSR_N/Q
                         net (fo=9, routed)           0.358     1.384    system_i/axi_smc/inst/s00_nodes/s00_ar_node/inst/s_sc_xpm_cdc_async_rst_inst/src_arst
    SLICE_X39Y68         LUT1 (Prop_lut1_I0_O)        0.045     1.429 f  system_i/axi_smc/inst/s00_nodes/s00_ar_node/inst/s_sc_xpm_cdc_async_rst_inst/arststages_ff[2]_i_1/O
                         net (fo=3, routed)           0.162     1.591    system_i/axi_smc/inst/s00_nodes/s00_ar_node/inst/s_sc_xpm_cdc_async_rst_inst/reset_pol
    SLICE_X36Y68         FDCE                                         f  system_i/axi_smc/inst/s00_nodes/s00_ar_node/inst/s_sc_xpm_cdc_async_rst_inst/arststages_ff_reg[2]/CLR
  -------------------------------------------------------------------    -------------------

                         (clock clk_fpga_0 rise edge)
                                                      0.000     0.000 r  
    PS7_X0Y0             PS7                          0.000     0.000 r  system_i/processing_system7_0/inst/PS7_i/FCLKCLK[0]
                         net (fo=1, routed)           0.337     0.337    system_i/processing_system7_0/inst/FCLK_CLK_unbuffered[0]
    BUFGCTRL_X0Y16       BUFG (Prop_bufg_I_O)         0.029     0.366 r  system_i/processing_system7_0/inst/buffer_fclk_clk_0.FCLK_CLK_0_BUFG/O
                         net (fo=1456, routed)        0.815     1.181    system_i/axi_smc/inst/s00_nodes/s00_ar_node/inst/s_sc_xpm_cdc_async_rst_inst/dest_clk
    SLICE_X36Y68         FDCE                                         r  system_i/axi_smc/inst/s00_nodes/s00_ar_node/inst/s_sc_xpm_cdc_async_rst_inst/arststages_ff_reg[2]/C

Slack:                    inf
  Source:                 system_i/axi_smc/inst/clk_map/psr_aclk/U0/ACTIVE_LOW_BSR_OUT_DFF[0].FDRE_BSR_N/C
                            (rising edge-triggered cell FDRE clocked by clk_fpga_0  {rise@0.000ns fall@10.000ns period=20.000ns})
  Destination:            system_i/axi_smc/inst/s00_nodes/s00_r_node/inst/s_sc_xpm_cdc_async_rst_inst/arststages_ff_reg[0]/CLR
                            (removal check against rising-edge clock clk_fpga_0  {rise@0.000ns fall@10.000ns period=20.000ns})
  Path Group:             (none)
  Path Type:              Removal (Min at Fast Process Corner)
  Data Path Delay:        0.720ns  (logic 0.185ns (25.685%)  route 0.535ns (74.315%))
  Logic Levels:           1  (LUT1=1)
  Clock Path Skew:        0.296ns (DCD - SCD - CPR)
    Destination Clock Delay (DCD):    1.181ns
    Source Clock Delay      (SCD):    0.885ns
    Clock Pessimism Removal (CPR):    -0.000ns
  Clock Uncertainty:      0.302ns  ((TSJ^2 + TIJ^2)^1/2 + DJ) / 2 + PE
    Total System Jitter     (TSJ):    0.071ns
    Total Input Jitter      (TIJ):    0.600ns
    Discrete Jitter          (DJ):    0.000ns
    Phase Error              (PE):    0.000ns
  Timing Exception:       False Path

    Location             Delay type                Incr(ns)  Path(ns)    Netlist Resource(s)
  -------------------------------------------------------------------    -------------------
                         (clock clk_fpga_0 rise edge)
                                                      0.000     0.000 r  
    PS7_X0Y0             PS7                          0.000     0.000 r  system_i/processing_system7_0/inst/PS7_i/FCLKCLK[0]
                         net (fo=1, routed)           0.310     0.310    system_i/processing_system7_0/inst/FCLK_CLK_unbuffered[0]
    BUFGCTRL_X0Y16       BUFG (Prop_bufg_I_O)         0.026     0.336 r  system_i/processing_system7_0/inst/buffer_fclk_clk_0.FCLK_CLK_0_BUFG/O
                         net (fo=1456, routed)        0.549     0.885    system_i/axi_smc/inst/clk_map/psr_aclk/U0/aclk
    SLICE_X44Y68         FDRE                                         r  system_i/axi_smc/inst/clk_map/psr_aclk/U0/ACTIVE_LOW_BSR_OUT_DFF[0].FDRE_BSR_N/C
  -------------------------------------------------------------------    -------------------
    SLICE_X44Y68         FDRE (Prop_fdre_C_Q)         0.141     1.026 r  system_i/axi_smc/inst/clk_map/psr_aclk/U0/ACTIVE_LOW_BSR_OUT_DFF[0].FDRE_BSR_N/Q
                         net (fo=9, routed)           0.358     1.384    system_i/axi_smc/inst/s00_nodes/s00_r_node/inst/s_sc_xpm_cdc_async_rst_inst/src_arst
    SLICE_X39Y68         LUT1 (Prop_lut1_I0_O)        0.044     1.428 f  system_i/axi_smc/inst/s00_nodes/s00_r_node/inst/s_sc_xpm_cdc_async_rst_inst/arststages_ff[2]_i_1/O
                         net (fo=3, routed)           0.177     1.605    system_i/axi_smc/inst/s00_nodes/s00_r_node/inst/s_sc_xpm_cdc_async_rst_inst/reset_pol
    SLICE_X39Y68         FDCE                                         f  system_i/axi_smc/inst/s00_nodes/s00_r_node/inst/s_sc_xpm_cdc_async_rst_inst/arststages_ff_reg[0]/CLR
  -------------------------------------------------------------------    -------------------

                         (clock clk_fpga_0 rise edge)
                                                      0.000     0.000 r  
    PS7_X0Y0             PS7                          0.000     0.000 r  system_i/processing_system7_0/inst/PS7_i/FCLKCLK[0]
                         net (fo=1, routed)           0.337     0.337    system_i/processing_system7_0/inst/FCLK_CLK_unbuffered[0]
    BUFGCTRL_X0Y16       BUFG (Prop_bufg_I_O)         0.029     0.366 r  system_i/processing_system7_0/inst/buffer_fclk_clk_0.FCLK_CLK_0_BUFG/O
                         net (fo=1456, routed)        0.815     1.181    system_i/axi_smc/inst/s00_nodes/s00_r_node/inst/s_sc_xpm_cdc_async_rst_inst/dest_clk
    SLICE_X39Y68         FDCE                                         r  system_i/axi_smc/inst/s00_nodes/s00_r_node/inst/s_sc_xpm_cdc_async_rst_inst/arststages_ff_reg[0]/C

Slack:                    inf
  Source:                 system_i/axi_smc/inst/clk_map/psr_aclk/U0/ACTIVE_LOW_BSR_OUT_DFF[0].FDRE_BSR_N/C
                            (rising edge-triggered cell FDRE clocked by clk_fpga_0  {rise@0.000ns fall@10.000ns period=20.000ns})
  Destination:            system_i/axi_smc/inst/s00_nodes/s00_r_node/inst/s_sc_xpm_cdc_async_rst_inst/arststages_ff_reg[1]/CLR
                            (removal check against rising-edge clock clk_fpga_0  {rise@0.000ns fall@10.000ns period=20.000ns})
  Path Group:             (none)
  Path Type:              Removal (Min at Fast Process Corner)
  Data Path Delay:        0.720ns  (logic 0.185ns (25.685%)  route 0.535ns (74.315%))
  Logic Levels:           1  (LUT1=1)
  Clock Path Skew:        0.296ns (DCD - SCD - CPR)
    Destination Clock Delay (DCD):    1.181ns
    Source Clock Delay      (SCD):    0.885ns
    Clock Pessimism Removal (CPR):    -0.000ns
  Clock Uncertainty:      0.302ns  ((TSJ^2 + TIJ^2)^1/2 + DJ) / 2 + PE
    Total System Jitter     (TSJ):    0.071ns
    Total Input Jitter      (TIJ):    0.600ns
    Discrete Jitter          (DJ):    0.000ns
    Phase Error              (PE):    0.000ns
  Timing Exception:       False Path

    Location             Delay type                Incr(ns)  Path(ns)    Netlist Resource(s)
  -------------------------------------------------------------------    -------------------
                         (clock clk_fpga_0 rise edge)
                                                      0.000     0.000 r  
    PS7_X0Y0             PS7                          0.000     0.000 r  system_i/processing_system7_0/inst/PS7_i/FCLKCLK[0]
                         net (fo=1, routed)           0.310     0.310    system_i/processing_system7_0/inst/FCLK_CLK_unbuffered[0]
    BUFGCTRL_X0Y16       BUFG (Prop_bufg_I_O)         0.026     0.336 r  system_i/processing_system7_0/inst/buffer_fclk_clk_0.FCLK_CLK_0_BUFG/O
                         net (fo=1456, routed)        0.549     0.885    system_i/axi_smc/inst/clk_map/psr_aclk/U0/aclk
    SLICE_X44Y68         FDRE                                         r  system_i/axi_smc/inst/clk_map/psr_aclk/U0/ACTIVE_LOW_BSR_OUT_DFF[0].FDRE_BSR_N/C
  -------------------------------------------------------------------    -------------------
    SLICE_X44Y68         FDRE (Prop_fdre_C_Q)         0.141     1.026 r  system_i/axi_smc/inst/clk_map/psr_aclk/U0/ACTIVE_LOW_BSR_OUT_DFF[0].FDRE_BSR_N/Q
                         net (fo=9, routed)           0.358     1.384    system_i/axi_smc/inst/s00_nodes/s00_r_node/inst/s_sc_xpm_cdc_async_rst_inst/src_arst
    SLICE_X39Y68         LUT1 (Prop_lut1_I0_O)        0.044     1.428 f  system_i/axi_smc/inst/s00_nodes/s00_r_node/inst/s_sc_xpm_cdc_async_rst_inst/arststages_ff[2]_i_1/O
                         net (fo=3, routed)           0.177     1.605    system_i/axi_smc/inst/s00_nodes/s00_r_node/inst/s_sc_xpm_cdc_async_rst_inst/reset_pol
    SLICE_X39Y68         FDCE                                         f  system_i/axi_smc/inst/s00_nodes/s00_r_node/inst/s_sc_xpm_cdc_async_rst_inst/arststages_ff_reg[1]/CLR
  -------------------------------------------------------------------    -------------------

                         (clock clk_fpga_0 rise edge)
                                                      0.000     0.000 r  
    PS7_X0Y0             PS7                          0.000     0.000 r  system_i/processing_system7_0/inst/PS7_i/FCLKCLK[0]
                         net (fo=1, routed)           0.337     0.337    system_i/processing_system7_0/inst/FCLK_CLK_unbuffered[0]
    BUFGCTRL_X0Y16       BUFG (Prop_bufg_I_O)         0.029     0.366 r  system_i/processing_system7_0/inst/buffer_fclk_clk_0.FCLK_CLK_0_BUFG/O
                         net (fo=1456, routed)        0.815     1.181    system_i/axi_smc/inst/s00_nodes/s00_r_node/inst/s_sc_xpm_cdc_async_rst_inst/dest_clk
    SLICE_X39Y68         FDCE                                         r  system_i/axi_smc/inst/s00_nodes/s00_r_node/inst/s_sc_xpm_cdc_async_rst_inst/arststages_ff_reg[1]/C

Slack:                    inf
  Source:                 system_i/axi_smc/inst/clk_map/psr_aclk/U0/ACTIVE_LOW_BSR_OUT_DFF[0].FDRE_BSR_N/C
                            (rising edge-triggered cell FDRE clocked by clk_fpga_0  {rise@0.000ns fall@10.000ns period=20.000ns})
  Destination:            system_i/axi_smc/inst/s00_nodes/s00_r_node/inst/s_sc_xpm_cdc_async_rst_inst/arststages_ff_reg[2]/CLR
                            (removal check against rising-edge clock clk_fpga_0  {rise@0.000ns fall@10.000ns period=20.000ns})
  Path Group:             (none)
  Path Type:              Removal (Min at Fast Process Corner)
  Data Path Delay:        0.720ns  (logic 0.185ns (25.685%)  route 0.535ns (74.315%))
  Logic Levels:           1  (LUT1=1)
  Clock Path Skew:        0.296ns (DCD - SCD - CPR)
    Destination Clock Delay (DCD):    1.181ns
    Source Clock Delay      (SCD):    0.885ns
    Clock Pessimism Removal (CPR):    -0.000ns
  Clock Uncertainty:      0.302ns  ((TSJ^2 + TIJ^2)^1/2 + DJ) / 2 + PE
    Total System Jitter     (TSJ):    0.071ns
    Total Input Jitter      (TIJ):    0.600ns
    Discrete Jitter          (DJ):    0.000ns
    Phase Error              (PE):    0.000ns
  Timing Exception:       False Path

    Location             Delay type                Incr(ns)  Path(ns)    Netlist Resource(s)
  -------------------------------------------------------------------    -------------------
                         (clock clk_fpga_0 rise edge)
                                                      0.000     0.000 r  
    PS7_X0Y0             PS7                          0.000     0.000 r  system_i/processing_system7_0/inst/PS7_i/FCLKCLK[0]
                         net (fo=1, routed)           0.310     0.310    system_i/processing_system7_0/inst/FCLK_CLK_unbuffered[0]
    BUFGCTRL_X0Y16       BUFG (Prop_bufg_I_O)         0.026     0.336 r  system_i/processing_system7_0/inst/buffer_fclk_clk_0.FCLK_CLK_0_BUFG/O
                         net (fo=1456, routed)        0.549     0.885    system_i/axi_smc/inst/clk_map/psr_aclk/U0/aclk
    SLICE_X44Y68         FDRE                                         r  system_i/axi_smc/inst/clk_map/psr_aclk/U0/ACTIVE_LOW_BSR_OUT_DFF[0].FDRE_BSR_N/C
  -------------------------------------------------------------------    -------------------
    SLICE_X44Y68         FDRE (Prop_fdre_C_Q)         0.141     1.026 r  system_i/axi_smc/inst/clk_map/psr_aclk/U0/ACTIVE_LOW_BSR_OUT_DFF[0].FDRE_BSR_N/Q
                         net (fo=9, routed)           0.358     1.384    system_i/axi_smc/inst/s00_nodes/s00_r_node/inst/s_sc_xpm_cdc_async_rst_inst/src_arst
    SLICE_X39Y68         LUT1 (Prop_lut1_I0_O)        0.044     1.428 f  system_i/axi_smc/inst/s00_nodes/s00_r_node/inst/s_sc_xpm_cdc_async_rst_inst/arststages_ff[2]_i_1/O
                         net (fo=3, routed)           0.177     1.605    system_i/axi_smc/inst/s00_nodes/s00_r_node/inst/s_sc_xpm_cdc_async_rst_inst/reset_pol
    SLICE_X39Y68         FDCE                                         f  system_i/axi_smc/inst/s00_nodes/s00_r_node/inst/s_sc_xpm_cdc_async_rst_inst/arststages_ff_reg[2]/CLR
  -------------------------------------------------------------------    -------------------

                         (clock clk_fpga_0 rise edge)
                                                      0.000     0.000 r  
    PS7_X0Y0             PS7                          0.000     0.000 r  system_i/processing_system7_0/inst/PS7_i/FCLKCLK[0]
                         net (fo=1, routed)           0.337     0.337    system_i/processing_system7_0/inst/FCLK_CLK_unbuffered[0]
    BUFGCTRL_X0Y16       BUFG (Prop_bufg_I_O)         0.029     0.366 r  system_i/processing_system7_0/inst/buffer_fclk_clk_0.FCLK_CLK_0_BUFG/O
                         net (fo=1456, routed)        0.815     1.181    system_i/axi_smc/inst/s00_nodes/s00_r_node/inst/s_sc_xpm_cdc_async_rst_inst/dest_clk
    SLICE_X39Y68         FDCE                                         r  system_i/axi_smc/inst/s00_nodes/s00_r_node/inst/s_sc_xpm_cdc_async_rst_inst/arststages_ff_reg[2]/C

Slack:                    inf
  Source:                 system_i/axi_smc/inst/clk_map/psr_aclk/U0/ACTIVE_LOW_BSR_OUT_DFF[0].FDRE_BSR_N/C
                            (rising edge-triggered cell FDRE clocked by clk_fpga_0  {rise@0.000ns fall@10.000ns period=20.000ns})
  Destination:            system_i/axi_smc/inst/s00_entry_pipeline/s00_si_converter/inst/xpm_cdc_async_rst_inst/arststages_ff_reg[0]/CLR
                            (removal check against rising-edge clock clk_fpga_0  {rise@0.000ns fall@10.000ns period=20.000ns})
  Path Group:             (none)
  Path Type:              Removal (Min at Fast Process Corner)
  Data Path Delay:        0.774ns  (logic 0.185ns (23.889%)  route 0.589ns (76.111%))
  Logic Levels:           1  (LUT1=1)
  Clock Path Skew:        0.295ns (DCD - SCD - CPR)
    Destination Clock Delay (DCD):    1.180ns
    Source Clock Delay      (SCD):    0.885ns
    Clock Pessimism Removal (CPR):    -0.000ns
  Clock Uncertainty:      0.302ns  ((TSJ^2 + TIJ^2)^1/2 + DJ) / 2 + PE
    Total System Jitter     (TSJ):    0.071ns
    Total Input Jitter      (TIJ):    0.600ns
    Discrete Jitter          (DJ):    0.000ns
    Phase Error              (PE):    0.000ns
  Timing Exception:       False Path

    Location             Delay type                Incr(ns)  Path(ns)    Netlist Resource(s)
  -------------------------------------------------------------------    -------------------
                         (clock clk_fpga_0 rise edge)
                                                      0.000     0.000 r  
    PS7_X0Y0             PS7                          0.000     0.000 r  system_i/processing_system7_0/inst/PS7_i/FCLKCLK[0]
                         net (fo=1, routed)           0.310     0.310    system_i/processing_system7_0/inst/FCLK_CLK_unbuffered[0]
    BUFGCTRL_X0Y16       BUFG (Prop_bufg_I_O)         0.026     0.336 r  system_i/processing_system7_0/inst/buffer_fclk_clk_0.FCLK_CLK_0_BUFG/O
                         net (fo=1456, routed)        0.549     0.885    system_i/axi_smc/inst/clk_map/psr_aclk/U0/aclk
    SLICE_X44Y68         FDRE                                         r  system_i/axi_smc/inst/clk_map/psr_aclk/U0/ACTIVE_LOW_BSR_OUT_DFF[0].FDRE_BSR_N/C
  -------------------------------------------------------------------    -------------------
    SLICE_X44Y68         FDRE (Prop_fdre_C_Q)         0.141     1.026 r  system_i/axi_smc/inst/clk_map/psr_aclk/U0/ACTIVE_LOW_BSR_OUT_DFF[0].FDRE_BSR_N/Q
                         net (fo=9, routed)           0.413     1.438    system_i/axi_smc/inst/s00_entry_pipeline/s00_si_converter/inst/xpm_cdc_async_rst_inst/src_arst
    SLICE_X37Y69         LUT1 (Prop_lut1_I0_O)        0.044     1.482 f  system_i/axi_smc/inst/s00_entry_pipeline/s00_si_converter/inst/xpm_cdc_async_rst_inst/arststages_ff[2]_i_1/O
                         net (fo=3, routed)           0.177     1.659    system_i/axi_smc/inst/s00_entry_pipeline/s00_si_converter/inst/xpm_cdc_async_rst_inst/reset_pol
    SLICE_X37Y69         FDCE                                         f  system_i/axi_smc/inst/s00_entry_pipeline/s00_si_converter/inst/xpm_cdc_async_rst_inst/arststages_ff_reg[0]/CLR
  -------------------------------------------------------------------    -------------------

                         (clock clk_fpga_0 rise edge)
                                                      0.000     0.000 r  
    PS7_X0Y0             PS7                          0.000     0.000 r  system_i/processing_system7_0/inst/PS7_i/FCLKCLK[0]
                         net (fo=1, routed)           0.337     0.337    system_i/processing_system7_0/inst/FCLK_CLK_unbuffered[0]
    BUFGCTRL_X0Y16       BUFG (Prop_bufg_I_O)         0.029     0.366 r  system_i/processing_system7_0/inst/buffer_fclk_clk_0.FCLK_CLK_0_BUFG/O
                         net (fo=1456, routed)        0.814     1.180    system_i/axi_smc/inst/s00_entry_pipeline/s00_si_converter/inst/xpm_cdc_async_rst_inst/dest_clk
    SLICE_X37Y69         FDCE                                         r  system_i/axi_smc/inst/s00_entry_pipeline/s00_si_converter/inst/xpm_cdc_async_rst_inst/arststages_ff_reg[0]/C

Slack:                    inf
  Source:                 system_i/axi_smc/inst/clk_map/psr_aclk/U0/ACTIVE_LOW_BSR_OUT_DFF[0].FDRE_BSR_N/C
                            (rising edge-triggered cell FDRE clocked by clk_fpga_0  {rise@0.000ns fall@10.000ns period=20.000ns})
  Destination:            system_i/axi_smc/inst/s00_entry_pipeline/s00_si_converter/inst/xpm_cdc_async_rst_inst/arststages_ff_reg[1]/CLR
                            (removal check against rising-edge clock clk_fpga_0  {rise@0.000ns fall@10.000ns period=20.000ns})
  Path Group:             (none)
  Path Type:              Removal (Min at Fast Process Corner)
  Data Path Delay:        0.774ns  (logic 0.185ns (23.889%)  route 0.589ns (76.111%))
  Logic Levels:           1  (LUT1=1)
  Clock Path Skew:        0.295ns (DCD - SCD - CPR)
    Destination Clock Delay (DCD):    1.180ns
    Source Clock Delay      (SCD):    0.885ns
    Clock Pessimism Removal (CPR):    -0.000ns
  Clock Uncertainty:      0.302ns  ((TSJ^2 + TIJ^2)^1/2 + DJ) / 2 + PE
    Total System Jitter     (TSJ):    0.071ns
    Total Input Jitter      (TIJ):    0.600ns
    Discrete Jitter          (DJ):    0.000ns
    Phase Error              (PE):    0.000ns
  Timing Exception:       False Path

    Location             Delay type                Incr(ns)  Path(ns)    Netlist Resource(s)
  -------------------------------------------------------------------    -------------------
                         (clock clk_fpga_0 rise edge)
                                                      0.000     0.000 r  
    PS7_X0Y0             PS7                          0.000     0.000 r  system_i/processing_system7_0/inst/PS7_i/FCLKCLK[0]
                         net (fo=1, routed)           0.310     0.310    system_i/processing_system7_0/inst/FCLK_CLK_unbuffered[0]
    BUFGCTRL_X0Y16       BUFG (Prop_bufg_I_O)         0.026     0.336 r  system_i/processing_system7_0/inst/buffer_fclk_clk_0.FCLK_CLK_0_BUFG/O
                         net (fo=1456, routed)        0.549     0.885    system_i/axi_smc/inst/clk_map/psr_aclk/U0/aclk
    SLICE_X44Y68         FDRE                                         r  system_i/axi_smc/inst/clk_map/psr_aclk/U0/ACTIVE_LOW_BSR_OUT_DFF[0].FDRE_BSR_N/C
  -------------------------------------------------------------------    -------------------
    SLICE_X44Y68         FDRE (Prop_fdre_C_Q)         0.141     1.026 r  system_i/axi_smc/inst/clk_map/psr_aclk/U0/ACTIVE_LOW_BSR_OUT_DFF[0].FDRE_BSR_N/Q
                         net (fo=9, routed)           0.413     1.438    system_i/axi_smc/inst/s00_entry_pipeline/s00_si_converter/inst/xpm_cdc_async_rst_inst/src_arst
    SLICE_X37Y69         LUT1 (Prop_lut1_I0_O)        0.044     1.482 f  system_i/axi_smc/inst/s00_entry_pipeline/s00_si_converter/inst/xpm_cdc_async_rst_inst/arststages_ff[2]_i_1/O
                         net (fo=3, routed)           0.177     1.659    system_i/axi_smc/inst/s00_entry_pipeline/s00_si_converter/inst/xpm_cdc_async_rst_inst/reset_pol
    SLICE_X37Y69         FDCE                                         f  system_i/axi_smc/inst/s00_entry_pipeline/s00_si_converter/inst/xpm_cdc_async_rst_inst/arststages_ff_reg[1]/CLR
  -------------------------------------------------------------------    -------------------

                         (clock clk_fpga_0 rise edge)
                                                      0.000     0.000 r  
    PS7_X0Y0             PS7                          0.000     0.000 r  system_i/processing_system7_0/inst/PS7_i/FCLKCLK[0]
                         net (fo=1, routed)           0.337     0.337    system_i/processing_system7_0/inst/FCLK_CLK_unbuffered[0]
    BUFGCTRL_X0Y16       BUFG (Prop_bufg_I_O)         0.029     0.366 r  system_i/processing_system7_0/inst/buffer_fclk_clk_0.FCLK_CLK_0_BUFG/O
                         net (fo=1456, routed)        0.814     1.180    system_i/axi_smc/inst/s00_entry_pipeline/s00_si_converter/inst/xpm_cdc_async_rst_inst/dest_clk
    SLICE_X37Y69         FDCE                                         r  system_i/axi_smc/inst/s00_entry_pipeline/s00_si_converter/inst/xpm_cdc_async_rst_inst/arststages_ff_reg[1]/C

Slack:                    inf
  Source:                 system_i/axi_smc/inst/clk_map/psr_aclk/U0/ACTIVE_LOW_BSR_OUT_DFF[0].FDRE_BSR_N/C
                            (rising edge-triggered cell FDRE clocked by clk_fpga_0  {rise@0.000ns fall@10.000ns period=20.000ns})
  Destination:            system_i/axi_smc/inst/s00_entry_pipeline/s00_si_converter/inst/xpm_cdc_async_rst_inst/arststages_ff_reg[2]/CLR
                            (removal check against rising-edge clock clk_fpga_0  {rise@0.000ns fall@10.000ns period=20.000ns})
  Path Group:             (none)
  Path Type:              Removal (Min at Fast Process Corner)
  Data Path Delay:        0.774ns  (logic 0.185ns (23.889%)  route 0.589ns (76.111%))
  Logic Levels:           1  (LUT1=1)
  Clock Path Skew:        0.295ns (DCD - SCD - CPR)
    Destination Clock Delay (DCD):    1.180ns
    Source Clock Delay      (SCD):    0.885ns
    Clock Pessimism Removal (CPR):    -0.000ns
  Clock Uncertainty:      0.302ns  ((TSJ^2 + TIJ^2)^1/2 + DJ) / 2 + PE
    Total System Jitter     (TSJ):    0.071ns
    Total Input Jitter      (TIJ):    0.600ns
    Discrete Jitter          (DJ):    0.000ns
    Phase Error              (PE):    0.000ns
  Timing Exception:       False Path

    Location             Delay type                Incr(ns)  Path(ns)    Netlist Resource(s)
  -------------------------------------------------------------------    -------------------
                         (clock clk_fpga_0 rise edge)
                                                      0.000     0.000 r  
    PS7_X0Y0             PS7                          0.000     0.000 r  system_i/processing_system7_0/inst/PS7_i/FCLKCLK[0]
                         net (fo=1, routed)           0.310     0.310    system_i/processing_system7_0/inst/FCLK_CLK_unbuffered[0]
    BUFGCTRL_X0Y16       BUFG (Prop_bufg_I_O)         0.026     0.336 r  system_i/processing_system7_0/inst/buffer_fclk_clk_0.FCLK_CLK_0_BUFG/O
                         net (fo=1456, routed)        0.549     0.885    system_i/axi_smc/inst/clk_map/psr_aclk/U0/aclk
    SLICE_X44Y68         FDRE                                         r  system_i/axi_smc/inst/clk_map/psr_aclk/U0/ACTIVE_LOW_BSR_OUT_DFF[0].FDRE_BSR_N/C
  -------------------------------------------------------------------    -------------------
    SLICE_X44Y68         FDRE (Prop_fdre_C_Q)         0.141     1.026 r  system_i/axi_smc/inst/clk_map/psr_aclk/U0/ACTIVE_LOW_BSR_OUT_DFF[0].FDRE_BSR_N/Q
                         net (fo=9, routed)           0.413     1.438    system_i/axi_smc/inst/s00_entry_pipeline/s00_si_converter/inst/xpm_cdc_async_rst_inst/src_arst
    SLICE_X37Y69         LUT1 (Prop_lut1_I0_O)        0.044     1.482 f  system_i/axi_smc/inst/s00_entry_pipeline/s00_si_converter/inst/xpm_cdc_async_rst_inst/arststages_ff[2]_i_1/O
                         net (fo=3, routed)           0.177     1.659    system_i/axi_smc/inst/s00_entry_pipeline/s00_si_converter/inst/xpm_cdc_async_rst_inst/reset_pol
    SLICE_X37Y69         FDCE                                         f  system_i/axi_smc/inst/s00_entry_pipeline/s00_si_converter/inst/xpm_cdc_async_rst_inst/arststages_ff_reg[2]/CLR
  -------------------------------------------------------------------    -------------------

                         (clock clk_fpga_0 rise edge)
                                                      0.000     0.000 r  
    PS7_X0Y0             PS7                          0.000     0.000 r  system_i/processing_system7_0/inst/PS7_i/FCLKCLK[0]
                         net (fo=1, routed)           0.337     0.337    system_i/processing_system7_0/inst/FCLK_CLK_unbuffered[0]
    BUFGCTRL_X0Y16       BUFG (Prop_bufg_I_O)         0.029     0.366 r  system_i/processing_system7_0/inst/buffer_fclk_clk_0.FCLK_CLK_0_BUFG/O
                         net (fo=1456, routed)        0.814     1.180    system_i/axi_smc/inst/s00_entry_pipeline/s00_si_converter/inst/xpm_cdc_async_rst_inst/dest_clk
    SLICE_X37Y69         FDCE                                         r  system_i/axi_smc/inst/s00_entry_pipeline/s00_si_converter/inst/xpm_cdc_async_rst_inst/arststages_ff_reg[2]/C





